--cria usuarios
INSERT INTO pep_owner.tb_usuario(id_usuario, cpf, email, senha, chk_senha_provisoria, nome_completo, nome_fantasia, celular, qt_acessos_errados, chk_ativo, data_nascimento, sexo, optlock, cep, logradouro, numero, complemento, bairro, cidade, uf, nr_prontuario) VALUES (1, '76217092786', 'administrador@pepweb.com.br', 'sclHl/b+xwu+/b86PIYl+Q==', false, 'Administrador do PEP', 'Administrador', '4188889999', 0, true, '1980-01-01', 'M', 0, '80230000', 'Avenida Silva Jardim', '1194', 'Casa', 'Rebouças', 'Curitiba', 'PR', 232425);
INSERT INTO pep_owner.tb_usuario(id_usuario, cpf, email, senha, chk_senha_provisoria, nome_completo, nome_fantasia, celular, qt_acessos_errados, chk_ativo, data_nascimento, sexo, optlock, cep, logradouro, numero, complemento, bairro, cidade, uf, nr_prontuario) VALUES (2, '72228163481', 'recepcionista@pepweb.com.br', 'sclHl/b+xwu+/b86PIYl+Q==', false, 'Recepcionista do PEP', 'Recepcionista', '4199998888', 0, true, '1990-01-01', 'F', 0, '80230000', 'Avenida Silva Jardim', '1194', 'Casa', 'Rebouças', 'Curitiba', 'PR', 232426);
INSERT INTO pep_owner.tb_usuario(id_usuario, cpf, email, senha, chk_senha_provisoria, nome_completo, nome_fantasia, celular, qt_acessos_errados, chk_ativo, data_nascimento, sexo, optlock, cep, logradouro, numero, complemento, bairro, cidade, uf, nr_prontuario) VALUES (3, '40424527103', 'paciente@pepweb.com.br', 'sclHl/b+xwu+/b86PIYl+Q==', false, 'Paciente do PEP', 'Paciente', '4198765432', 0, true, '1990-01-01', 'M', 0, '80230000', 'Avenida Silva Jardim', '1194', 'Casa', 'Rebouças', 'Curitiba', 'PR', 232427);
ALTER SEQUENCE pep_owner.usuario_sequence RESTART WITH 4;

--cria perfis
INSERT INTO pep_owner.tb_perfil(id_perfil, nome, descricao, chk_possui_especialidades, chk_possui_convenios, chk_perfil_predefinido) VALUES (1, 'Administrador', 'Perfil com autorização para todas as funcionalidades do sistema.', false, false, false);
INSERT INTO pep_owner.tb_perfil(id_perfil, nome, descricao, chk_possui_especialidades, chk_possui_convenios, chk_perfil_predefinido) VALUES (2, 'Recepcionista', 'Perfil com autorização para funcionalidades necessárias para atendimento na recepção do estabelecimento médico.', false, false, false);
INSERT INTO pep_owner.tb_perfil(id_perfil, nome, descricao, chk_possui_especialidades, chk_possui_convenios, chk_perfil_predefinido) VALUES (3, 'Paciente', 'Perfil com autorização para funcionalidades disponíveis para pacientes.', false, true, true);
INSERT INTO pep_owner.tb_perfil(id_perfil, nome, descricao, chk_possui_especialidades, chk_possui_convenios, chk_perfil_predefinido) VALUES (4, 'Profissional Médico', 'Perfil com autorização para funcionalidades disponíveis para os profissionais médicos.', true, true, false);
ALTER SEQUENCE pep_owner.perfil_sequence RESTART WITH 5;

--cria autorizacoes
INSERT INTO pep_owner.tb_autorizacao(id_autorizacao, nome, descricao) VALUES (1, 'EDITAR_PERFIS', 'Autorização para visualizar, criar, editar e excluir perfis de usuário.');
INSERT INTO pep_owner.tb_autorizacao(id_autorizacao, nome, descricao) VALUES (2, 'EDITAR_USUARIOS', 'Autorização para visualizar, criar, editar e excluir usuários.');
INSERT INTO pep_owner.tb_autorizacao(id_autorizacao, nome, descricao) VALUES (3, 'VISUALIZAR_USUARIOS', 'Autorização para visualizar usuários.');
INSERT INTO pep_owner.tb_autorizacao(id_autorizacao, nome, descricao) VALUES (4, 'EDITAR_INFORMACOES_PESSOAIS', 'Autorização para editar informações pessoais.');
INSERT INTO pep_owner.tb_autorizacao(id_autorizacao, nome, descricao) VALUES (5, 'EDITAR_ESPECIALIDADES', 'Autorização para funcionalidade de manutenção de especialidades.');
INSERT INTO pep_owner.tb_autorizacao(id_autorizacao, nome, descricao) VALUES (6, 'EDITAR_CONVENIOS', 'Autorização para funcionalidade de manutenção de convênios.');
INSERT INTO pep_owner.tb_autorizacao(id_autorizacao, nome, descricao) VALUES (7, 'EDITAR_PACIENTES', 'Autorização para visualizar, criar, editar e excluir pacientes.');
INSERT INTO pep_owner.tb_autorizacao(id_autorizacao, nome, descricao) VALUES (8, 'VISUALIZAR_PACIENTES', 'Autorização para visualizar pacientes.');
INSERT INTO pep_owner.tb_autorizacao(id_autorizacao, nome, descricao) VALUES (9, 'EDITAR_MEDICAMENTOS', 'Autorização para editar medicamentos.');
ALTER SEQUENCE pep_owner.autorizacao_sequence RESTART WITH 10;

--vincula perfis aos usuarios
INSERT INTO pep_owner.tb_usuario_perfil(id_usuario, id_perfil) VALUES (1, 1);
INSERT INTO pep_owner.tb_usuario_perfil(id_usuario, id_perfil) VALUES (2, 2);
INSERT INTO pep_owner.tb_usuario_perfil(id_usuario, id_perfil) VALUES (3, 3);

--vincula autorizacoes de edicao ao perfil Administrador
INSERT INTO pep_owner.tb_perfil_autorizacao(id_perfil, id_autorizacao) VALUES (1, 1);
INSERT INTO pep_owner.tb_perfil_autorizacao(id_perfil, id_autorizacao) VALUES (1, 2);
INSERT INTO pep_owner.tb_perfil_autorizacao(id_perfil, id_autorizacao) VALUES (1, 5);
INSERT INTO pep_owner.tb_perfil_autorizacao(id_perfil, id_autorizacao) VALUES (1, 6);
INSERT INTO pep_owner.tb_perfil_autorizacao(id_perfil, id_autorizacao) VALUES (1, 7);
INSERT INTO pep_owner.tb_perfil_autorizacao(id_perfil, id_autorizacao) VALUES (1, 9);

--vincula autorizacoes de edicao de paciente ao perfil Recepcionista
INSERT INTO pep_owner.tb_perfil_autorizacao(id_perfil, id_autorizacao) VALUES (2, 7);

--vincula autorizacao EDITAR_INFORMACOES_PESSOAIS a todos os perfis
INSERT INTO pep_owner.tb_perfil_autorizacao(id_perfil, id_autorizacao) VALUES (1, 4);
INSERT INTO pep_owner.tb_perfil_autorizacao(id_perfil, id_autorizacao) VALUES (2, 4);
INSERT INTO pep_owner.tb_perfil_autorizacao(id_perfil, id_autorizacao) VALUES (3, 4);
INSERT INTO pep_owner.tb_perfil_autorizacao(id_perfil, id_autorizacao) VALUES (4, 4);

--especialidades
INSERT INTO pep_owner.tb_especialidade(id_especialidade, descricao) VALUES (1, 'Acupuntura');
INSERT INTO pep_owner.tb_especialidade(id_especialidade, descricao) VALUES (2, 'Alergia e Imunologia');
INSERT INTO pep_owner.tb_especialidade(id_especialidade, descricao) VALUES (3, 'Anestesiologia');
INSERT INTO pep_owner.tb_especialidade(id_especialidade, descricao) VALUES (4, 'Angiologia');
INSERT INTO pep_owner.tb_especialidade(id_especialidade, descricao) VALUES (5, 'Cancerologia');
INSERT INTO pep_owner.tb_especialidade(id_especialidade, descricao) VALUES (6, 'Cardiologia');
INSERT INTO pep_owner.tb_especialidade(id_especialidade, descricao) VALUES (7, 'Cirurgia Cardiovascular');
INSERT INTO pep_owner.tb_especialidade(id_especialidade, descricao) VALUES (8, 'Cirurgia da Mão');
INSERT INTO pep_owner.tb_especialidade(id_especialidade, descricao) VALUES (9, 'Cirurgia de Cabeça e Pescoço');
INSERT INTO pep_owner.tb_especialidade(id_especialidade, descricao) VALUES (10, 'Cirurgia do Aparelho Digestivo');
INSERT INTO pep_owner.tb_especialidade(id_especialidade, descricao) VALUES (11, 'Cirurgia Geral');
INSERT INTO pep_owner.tb_especialidade(id_especialidade, descricao) VALUES (12, 'Cirurgia Pediátrica');
INSERT INTO pep_owner.tb_especialidade(id_especialidade, descricao) VALUES (13, 'Cirurgia Plástica');
INSERT INTO pep_owner.tb_especialidade(id_especialidade, descricao) VALUES (14, 'Cirurgia Torácica');
INSERT INTO pep_owner.tb_especialidade(id_especialidade, descricao) VALUES (15, 'Cirurgia Vascular');
INSERT INTO pep_owner.tb_especialidade(id_especialidade, descricao) VALUES (16, 'Clínica Médica');
INSERT INTO pep_owner.tb_especialidade(id_especialidade, descricao) VALUES (17, 'Coloproctologia');
INSERT INTO pep_owner.tb_especialidade(id_especialidade, descricao) VALUES (18, 'Dermatologia');
INSERT INTO pep_owner.tb_especialidade(id_especialidade, descricao) VALUES (19, 'Endocrinologia e Metabologia');
INSERT INTO pep_owner.tb_especialidade(id_especialidade, descricao) VALUES (20, 'Endoscopia');
INSERT INTO pep_owner.tb_especialidade(id_especialidade, descricao) VALUES (21, 'Gastroenterologia');
INSERT INTO pep_owner.tb_especialidade(id_especialidade, descricao) VALUES (22, 'Genética Médica');
INSERT INTO pep_owner.tb_especialidade(id_especialidade, descricao) VALUES (23, 'Geriatria');
INSERT INTO pep_owner.tb_especialidade(id_especialidade, descricao) VALUES (24, 'Ginecologia e Obstetrícia');
INSERT INTO pep_owner.tb_especialidade(id_especialidade, descricao) VALUES (25, 'Hematologia e Hemoterapia');
INSERT INTO pep_owner.tb_especialidade(id_especialidade, descricao) VALUES (26, 'Homeopatia');
INSERT INTO pep_owner.tb_especialidade(id_especialidade, descricao) VALUES (27, 'Infectologia');
INSERT INTO pep_owner.tb_especialidade(id_especialidade, descricao) VALUES (28, 'Mastologia');
INSERT INTO pep_owner.tb_especialidade(id_especialidade, descricao) VALUES (29, 'Medicina de Família e Comunidade');
INSERT INTO pep_owner.tb_especialidade(id_especialidade, descricao) VALUES (30, 'Medicina do Trabalho');
INSERT INTO pep_owner.tb_especialidade(id_especialidade, descricao) VALUES (31, 'Medicina de Tráfego');
INSERT INTO pep_owner.tb_especialidade(id_especialidade, descricao) VALUES (32, 'Medicina Esportiva');
INSERT INTO pep_owner.tb_especialidade(id_especialidade, descricao) VALUES (33, 'Medicina Física e Reabilitação');
INSERT INTO pep_owner.tb_especialidade(id_especialidade, descricao) VALUES (34, 'Medicina Intensiva');
INSERT INTO pep_owner.tb_especialidade(id_especialidade, descricao) VALUES (35, 'Medicina Legal e Perícia Médica');
INSERT INTO pep_owner.tb_especialidade(id_especialidade, descricao) VALUES (36, 'Medicina Nuclear');
INSERT INTO pep_owner.tb_especialidade(id_especialidade, descricao) VALUES (37, 'Medicina Preventiva e Social');
INSERT INTO pep_owner.tb_especialidade(id_especialidade, descricao) VALUES (38, 'Nefrologia');
INSERT INTO pep_owner.tb_especialidade(id_especialidade, descricao) VALUES (39, 'Neurocirurgia');
INSERT INTO pep_owner.tb_especialidade(id_especialidade, descricao) VALUES (40, 'Neurologia');
INSERT INTO pep_owner.tb_especialidade(id_especialidade, descricao) VALUES (41, 'Nutrologia');
INSERT INTO pep_owner.tb_especialidade(id_especialidade, descricao) VALUES (42, 'Oftalmologia');
INSERT INTO pep_owner.tb_especialidade(id_especialidade, descricao) VALUES (43, 'Ortopedia e Traumatologia');
INSERT INTO pep_owner.tb_especialidade(id_especialidade, descricao) VALUES (44, 'Otorrinolaringologia');
INSERT INTO pep_owner.tb_especialidade(id_especialidade, descricao) VALUES (45, 'Patologia');
INSERT INTO pep_owner.tb_especialidade(id_especialidade, descricao) VALUES (46, 'Patologia Clínica/Medicina Laboratorial');
INSERT INTO pep_owner.tb_especialidade(id_especialidade, descricao) VALUES (47, 'Pediatria');
INSERT INTO pep_owner.tb_especialidade(id_especialidade, descricao) VALUES (48, 'Pneumologia');
INSERT INTO pep_owner.tb_especialidade(id_especialidade, descricao) VALUES (49, 'Psiquiatria');
INSERT INTO pep_owner.tb_especialidade(id_especialidade, descricao) VALUES (50, 'Radiologia e Diagnóstico por Imagem');
INSERT INTO pep_owner.tb_especialidade(id_especialidade, descricao) VALUES (51, 'Radioterapia');
INSERT INTO pep_owner.tb_especialidade(id_especialidade, descricao) VALUES (52, 'Reumatologia');
INSERT INTO pep_owner.tb_especialidade(id_especialidade, descricao) VALUES (53, 'Urologia');
ALTER SEQUENCE pep_owner.especialidade_sequence RESTART WITH 54;

--convenios
INSERT INTO pep_owner.tb_convenio(id_convenio, descricao) VALUES (1, 'Unimed');
INSERT INTO pep_owner.tb_convenio(id_convenio, descricao) VALUES (2, 'Paraná Clínicas');
INSERT INTO pep_owner.tb_convenio(id_convenio, descricao) VALUES (3, 'Amil');
ALTER SEQUENCE pep_owner.convenio_sequence RESTART WITH 4;

-- medicamentos (somente alguns, a lista total esta no arquivo import_medicamentos.sql)
INSERT INTO pep_owner.tb_medicamento(id_medicamento, principio_ativo, apresentacao, chk_ativo) VALUES (1, 'ABATACEPTE', '125 MG/ML SOL INJ CT 1 SER PREENC VD TRANS + DISPOSITIVO ULTRASAFE PASSIVE + EXTENSORES DE APOIO', true);
INSERT INTO pep_owner.tb_medicamento(id_medicamento, principio_ativo, apresentacao, chk_ativo) VALUES (2, 'ABATACEPTE', '125 MG/ML SOL INJ CT 1 SER PREENCHIDA', true);
INSERT INTO pep_owner.tb_medicamento(id_medicamento, principio_ativo, apresentacao, chk_ativo) VALUES (3, 'ABATACEPTE', '125 MG/ML SOL INJ CT 1 SER PREENCHIDA + DISPOSITIVO ULTRASAFE', true);
INSERT INTO pep_owner.tb_medicamento(id_medicamento, principio_ativo, apresentacao, chk_ativo) VALUES (4, 'ABATACEPTE', '125 MG/ML SOL INJ CT 4 SER PREENC VD TRANS + DISPOSITIVO ULTRASAFE PASSIVE + EXTENSORES DE APOIO', true);
INSERT INTO pep_owner.tb_medicamento(id_medicamento, principio_ativo, apresentacao, chk_ativo) VALUES (5, 'ABATACEPTE', '125 MG/ML SOL INJ CT 4 SER PREENCHIDA', true);
INSERT INTO pep_owner.tb_medicamento(id_medicamento, principio_ativo, apresentacao, chk_ativo) VALUES (6, 'ABATACEPTE', '125 MG/ML SOL INJ CT 4 SER PREENCHIDA + DISPOSITIVO ULTRASAFE', true);
INSERT INTO pep_owner.tb_medicamento(id_medicamento, principio_ativo, apresentacao, chk_ativo) VALUES (7, 'ABATACEPTE', '250 MG PO LIOF INJ CT FA + SER DESC', true);
INSERT INTO pep_owner.tb_medicamento(id_medicamento, principio_ativo, apresentacao, chk_ativo) VALUES (8, 'ABCIXIMABE', '2 MG/ML SOL INJ CT FA VD INC X 5 ML', true);
INSERT INTO pep_owner.tb_medicamento(id_medicamento, principio_ativo, apresentacao, chk_ativo) VALUES (9, 'ACARBOSE', '100 MG COM CT 3 BL AL PVDC LEIT X 10', true);
INSERT INTO pep_owner.tb_medicamento(id_medicamento, principio_ativo, apresentacao, chk_ativo) VALUES (10, 'ACARBOSE', '100 MG COM CT BL AL/AL X 30', true);
INSERT INTO pep_owner.tb_medicamento(id_medicamento, principio_ativo, apresentacao, chk_ativo) VALUES (11, 'ACARBOSE', '50 MG COM CT 3 BL AL PVDC LEIT X 10', true);
INSERT INTO pep_owner.tb_medicamento(id_medicamento, principio_ativo, apresentacao, chk_ativo) VALUES (12, 'ACARBOSE', '50 MG COM CT BL AL/AL X 30', true);
INSERT INTO pep_owner.tb_medicamento(id_medicamento, principio_ativo, apresentacao, chk_ativo) VALUES (13, 'ACEBROFILINA', '10 MG / ML XPE CT FR PET AMB X 120 ML + COP', true);
INSERT INTO pep_owner.tb_medicamento(id_medicamento, principio_ativo, apresentacao, chk_ativo) VALUES (14, 'ACEBROFILINA', '10 MG / ML XPE CT FR PLAS PET AMB X 120 ML + CP MED X 10 ML', true);
INSERT INTO pep_owner.tb_medicamento(id_medicamento, principio_ativo, apresentacao, chk_ativo) VALUES (15, 'ACEBROFILINA', '10 MG / ML XPE CT FR PLAS PET AMB X 60 ML + CP MED X 10 ML', true);
INSERT INTO pep_owner.tb_medicamento(id_medicamento, principio_ativo, apresentacao, chk_ativo) VALUES (16, 'ACEBROFILINA', '10 MG / ML XPE CT FR VD AMB X 100 ML + COP', true);
INSERT INTO pep_owner.tb_medicamento(id_medicamento, principio_ativo, apresentacao, chk_ativo) VALUES (17, 'ACEBROFILINA', '10 MG / ML XPE CX 50 FR PET AMB X 120 ML + COP (EMB HOSP)', true);
INSERT INTO pep_owner.tb_medicamento(id_medicamento, principio_ativo, apresentacao, chk_ativo) VALUES (18, 'ACEBROFILINA', '10 MG/ ML XPE CT FR VD AMB X 120 ML + CP MED', true);
INSERT INTO pep_owner.tb_medicamento(id_medicamento, principio_ativo, apresentacao, chk_ativo) VALUES (19, 'ACEBROFILINA', '10 MG/ ML XPE CX 50 FR PLAS AMB X 120 ML + 50 CP MED (EMB HOSP)', true);
INSERT INTO pep_owner.tb_medicamento(id_medicamento, principio_ativo, apresentacao, chk_ativo) VALUES (20, 'ACEBROFILINA', '10 MG/ML XPE AD CT FR VD AMB X 120 ML + CP MED X 10 ML', true);
INSERT INTO pep_owner.tb_medicamento(id_medicamento, principio_ativo, apresentacao, chk_ativo) VALUES (21, 'ACEBROFILINA', '10 MG/ML XPE CT FR PEAD X 120 ML + CP MED', true);
INSERT INTO pep_owner.tb_medicamento(id_medicamento, principio_ativo, apresentacao, chk_ativo) VALUES (22, 'ACEBROFILINA', '10 MG/ML XPE CT FR PET AMB X 120 ML + COP', true);
INSERT INTO pep_owner.tb_medicamento(id_medicamento, principio_ativo, apresentacao, chk_ativo) VALUES (23, 'ACEBROFILINA', '10 MG/ML XPE CT FR PLAS AMB X 120 ML + CP MED', true);
INSERT INTO pep_owner.tb_medicamento(id_medicamento, principio_ativo, apresentacao, chk_ativo) VALUES (24, 'ACEBROFILINA', '10 MG/ML XPE CT FR PLAS OPC X 120 ML + CP MED', true);
INSERT INTO pep_owner.tb_medicamento(id_medicamento, principio_ativo, apresentacao, chk_ativo) VALUES (25, 'ACEBROFILINA', '10 MG/ML XPE CT FR PLAS OPC X 120ML + COP MED', true);
INSERT INTO pep_owner.tb_medicamento(id_medicamento, principio_ativo, apresentacao, chk_ativo) VALUES (26, 'ACEBROFILINA', '10 MG/ML XPE CT FR VD AMB X 120 ML + COP', true);
INSERT INTO pep_owner.tb_medicamento(id_medicamento, principio_ativo, apresentacao, chk_ativo) VALUES (27, 'ACEBROFILINA', '10 MG/ML XPE CT FR VD AMB X 120 ML + COPO MED', true);
INSERT INTO pep_owner.tb_medicamento(id_medicamento, principio_ativo, apresentacao, chk_ativo) VALUES (28, 'ACEBROFILINA', '10 MG/ML XPE CT FR VD AMB X 120 ML + CP MED', true);
INSERT INTO pep_owner.tb_medicamento(id_medicamento, principio_ativo, apresentacao, chk_ativo) VALUES (29, 'ACEBROFILINA', '10 MG/ML XPE CT FR VD AMB X 120 ML + CP MED', true);
INSERT INTO pep_owner.tb_medicamento(id_medicamento, principio_ativo, apresentacao, chk_ativo) VALUES (30, 'ACEBROFILINA', '10 MG/ML XPE CT FR VD AMB X 120 ML + DOSADOR', true);
INSERT INTO pep_owner.tb_medicamento(id_medicamento, principio_ativo, apresentacao, chk_ativo) VALUES (31, 'ACEBROFILINA', '10 MG/ML XPE CT FR VD AMB X 120ML', true);
INSERT INTO pep_owner.tb_medicamento(id_medicamento, principio_ativo, apresentacao, chk_ativo) VALUES (32, 'ACEBROFILINA', '10 MG/ML XPE CX 50 FR PLAS AMB X 120 ML + 50 CP MED (EMB HOSP)', true);
INSERT INTO pep_owner.tb_medicamento(id_medicamento, principio_ativo, apresentacao, chk_ativo) VALUES (33, 'ACEBROFILINA', '10 MG/ML XPE CX 50 FR PLAS OPC X 120 ML + 50 CP MED (EMB HOSP)', true);
INSERT INTO pep_owner.tb_medicamento(id_medicamento, principio_ativo, apresentacao, chk_ativo) VALUES (34, 'ACEBROFILINA', '10 MG/ML XPE CX 60 FR PEAD X 120 ML + 60 CP MED (EMB HOSP)', true);
INSERT INTO pep_owner.tb_medicamento(id_medicamento, principio_ativo, apresentacao, chk_ativo) VALUES (35, 'ACEBROFILINA', '10 MG/ML XPE CX 60 FR PEAD X 120 ML + 60 CP MED (EMB HOSP)', true);
INSERT INTO pep_owner.tb_medicamento(id_medicamento, principio_ativo, apresentacao, chk_ativo) VALUES (36, 'ACEBROFILINA', '10MG/ML XPE CT FR VD AMB X 120ML + CP MED', true);
INSERT INTO pep_owner.tb_medicamento(id_medicamento, principio_ativo, apresentacao, chk_ativo) VALUES (37, 'ACEBROFILINA', '25MG/5ML XPE INF (VD C/120ML)', true);
INSERT INTO pep_owner.tb_medicamento(id_medicamento, principio_ativo, apresentacao, chk_ativo) VALUES (38, 'ACEBROFILINA', '5 MG / ML XPE CT FR VD AMB X 100 ML + COP', true);
INSERT INTO pep_owner.tb_medicamento(id_medicamento, principio_ativo, apresentacao, chk_ativo) VALUES (39, 'ACEBROFILINA', '5 MG / ML XPE CT FR PET AMB X 120 ML + COP', true);
INSERT INTO pep_owner.tb_medicamento(id_medicamento, principio_ativo, apresentacao, chk_ativo) VALUES (40, 'ACEBROFILINA', '5 MG / ML XPE CT FR PLAS PET AMB X 120 ML + CP MED X 10 ML', true);
INSERT INTO pep_owner.tb_medicamento(id_medicamento, principio_ativo, apresentacao, chk_ativo) VALUES (41, 'ACEBROFILINA', '5 MG / ML XPE CT FR PLAS PET AMB X 60 ML + CP MED X 10 ML', true);
INSERT INTO pep_owner.tb_medicamento(id_medicamento, principio_ativo, apresentacao, chk_ativo) VALUES (42, 'ACEBROFILINA', '5 MG / ML XPE CX 50 FR PET AMB X 120 ML + COP (EMB HOSP)', true);
INSERT INTO pep_owner.tb_medicamento(id_medicamento, principio_ativo, apresentacao, chk_ativo) VALUES (43, 'ACEBROFILINA', '5 MG/ ML XPE CT FR VD AMB X 120 ML + CP MED', true);
INSERT INTO pep_owner.tb_medicamento(id_medicamento, principio_ativo, apresentacao, chk_ativo) VALUES (44, 'ACEBROFILINA', '5 MG/ ML XPE CX 50 FR PLAS AMB X 120 ML + 50 CP MED (EMB HOSP)', true);
INSERT INTO pep_owner.tb_medicamento(id_medicamento, principio_ativo, apresentacao, chk_ativo) VALUES (45, 'ACEBROFILINA', '5 MG/ML GEL OR CT FR PLAS INC X 120ML + COL MED', true);
INSERT INTO pep_owner.tb_medicamento(id_medicamento, principio_ativo, apresentacao, chk_ativo) VALUES (46, 'ACEBROFILINA', '5 MG/ML XPE CT FR PEAD X 120 ML + CP MED', true);
INSERT INTO pep_owner.tb_medicamento(id_medicamento, principio_ativo, apresentacao, chk_ativo) VALUES (47, 'ACEBROFILINA', '5 MG/ML XPE CT FR PLAS AMB X 120 ML + CP MED', true);
INSERT INTO pep_owner.tb_medicamento(id_medicamento, principio_ativo, apresentacao, chk_ativo) VALUES (48, 'ACEBROFILINA', '5 MG/ML XPE CT FR PLAS OPC X 120 ML + CP MED', true);
INSERT INTO pep_owner.tb_medicamento(id_medicamento, principio_ativo, apresentacao, chk_ativo) VALUES (49, 'ACEBROFILINA', '5 MG/ML XPE CT FR PLAS OPC X 120ML + COP MED', true);
INSERT INTO pep_owner.tb_medicamento(id_medicamento, principio_ativo, apresentacao, chk_ativo) VALUES (50, 'ACEBROFILINA', '5 MG/ML XPE CT FR VD AMB X 120 ML + COP', true);
INSERT INTO pep_owner.tb_medicamento(id_medicamento, principio_ativo, apresentacao, chk_ativo) VALUES (51, 'ACEBROFILINA', '5 MG/ML XPE CT FR VD AMB X 120 ML + COPO MED', true);
INSERT INTO pep_owner.tb_medicamento(id_medicamento, principio_ativo, apresentacao, chk_ativo) VALUES (52, 'ACEBROFILINA', '5 MG/ML XPE CT FR VD AMB X 120 ML + CP MED', true);
INSERT INTO pep_owner.tb_medicamento(id_medicamento, principio_ativo, apresentacao, chk_ativo) VALUES (53, 'ACEBROFILINA', '5 MG/ML XPE CT FR VD AMB X 120 ML + CP MED', true);
INSERT INTO pep_owner.tb_medicamento(id_medicamento, principio_ativo, apresentacao, chk_ativo) VALUES (54, 'ACEBROFILINA', '5 MG/ML XPE CT FR VD AMB X 120 ML + CP MED ', true);
INSERT INTO pep_owner.tb_medicamento(id_medicamento, principio_ativo, apresentacao, chk_ativo) VALUES (55, 'ACEBROFILINA', '5 MG/ML XPE CT FR VD AMB X 120 ML + DOSADOR ', true);
INSERT INTO pep_owner.tb_medicamento(id_medicamento, principio_ativo, apresentacao, chk_ativo) VALUES (56, 'ACEBROFILINA', '5 MG/ML XPE CT FR VD AMB X 120ML', true);
INSERT INTO pep_owner.tb_medicamento(id_medicamento, principio_ativo, apresentacao, chk_ativo) VALUES (57, 'ACEBROFILINA', '5 MG/ML XPE CX 50 FR PLAS AMB X 120 ML + 50 CP MED (EMB HOSP)', true);
INSERT INTO pep_owner.tb_medicamento(id_medicamento, principio_ativo, apresentacao, chk_ativo) VALUES (58, 'ACEBROFILINA', '5 MG/ML XPE CX 50 FR PLAS OPC X 120 ML + 50 CP MED (EMB HOSP)', true);
INSERT INTO pep_owner.tb_medicamento(id_medicamento, principio_ativo, apresentacao, chk_ativo) VALUES (59, 'ACEBROFILINA', '5 MG/ML XPE CX 60 FR PEAD X 120 ML + 60 CP MED (EMB HOSP)', true);
INSERT INTO pep_owner.tb_medicamento(id_medicamento, principio_ativo, apresentacao, chk_ativo) VALUES (60, 'ACEBROFILINA', '5 MG/ML XPE CX 60 FR PEAD X 120 ML + 60 CP MED (EMB HOSP)', true);
INSERT INTO pep_owner.tb_medicamento(id_medicamento, principio_ativo, apresentacao, chk_ativo) VALUES (61, 'ACEBROFILINA', '5 MG/ML XPE INF CT FR VD AMB X 120 ML + CP MED X 10 ML', true);
INSERT INTO pep_owner.tb_medicamento(id_medicamento, principio_ativo, apresentacao, chk_ativo) VALUES (62, 'ACEBROFILINA', '5MG/ML XPE CT FR VD AMB X 120ML + CP MED', true);
INSERT INTO pep_owner.tb_medicamento(id_medicamento, principio_ativo, apresentacao, chk_ativo) VALUES (63, 'ACEBROFILINA', '5MG/ML XPE CT FR VD AMB X 120ML + SER DOSAD', true);
INSERT INTO pep_owner.tb_medicamento(id_medicamento, principio_ativo, apresentacao, chk_ativo) VALUES (64, 'ACECLOFENACO', '100 MG COM REV CT BL AL AL X 12', true);
INSERT INTO pep_owner.tb_medicamento(id_medicamento, principio_ativo, apresentacao, chk_ativo) VALUES (65, 'ACECLOFENACO', '100 MG COM REV CT BL AL PLAS OPC X 12', true);
INSERT INTO pep_owner.tb_medicamento(id_medicamento, principio_ativo, apresentacao, chk_ativo) VALUES (66, 'ACECLOFENACO', '100 MG COM REV CT 2 STR AL X 12', true);
INSERT INTO pep_owner.tb_medicamento(id_medicamento, principio_ativo, apresentacao, chk_ativo) VALUES (67, 'ACECLOFENACO', '100 MG COM REV CT BL AL / AL X 6', true);
INSERT INTO pep_owner.tb_medicamento(id_medicamento, principio_ativo, apresentacao, chk_ativo) VALUES (68, 'ACECLOFENACO', '100 MG COM REV CT BL AL AL X 12', true);
INSERT INTO pep_owner.tb_medicamento(id_medicamento, principio_ativo, apresentacao, chk_ativo) VALUES (69, 'ACECLOFENACO', '100 MG COM REV CT BL AL AL X 24', true);
INSERT INTO pep_owner.tb_medicamento(id_medicamento, principio_ativo, apresentacao, chk_ativo) VALUES (70, 'ACECLOFENACO', '100 MG COM REV CT BL AL PLAS OPC X 12', true);
INSERT INTO pep_owner.tb_medicamento(id_medicamento, principio_ativo, apresentacao, chk_ativo) VALUES (71, 'ACECLOFENACO', '100 MG COM REV CT BL AL PLAS OPC X 24', true);
INSERT INTO pep_owner.tb_medicamento(id_medicamento, principio_ativo, apresentacao, chk_ativo) VALUES (72, 'ACECLOFENACO', '100 MG COM REV CT BL AL/AL X 12', true);
INSERT INTO pep_owner.tb_medicamento(id_medicamento, principio_ativo, apresentacao, chk_ativo) VALUES (73, 'ACECLOFENACO', '100 MG COM REV CT ENV AL X 12', true);
INSERT INTO pep_owner.tb_medicamento(id_medicamento, principio_ativo, apresentacao, chk_ativo) VALUES (74, 'ACECLOFENACO', '100 MG COM REV CT ENV AL X 12', true);
INSERT INTO pep_owner.tb_medicamento(id_medicamento, principio_ativo, apresentacao, chk_ativo) VALUES (75, 'ACECLOFENACO', '100 MG COM REV CT ENV AL X 16', true);
INSERT INTO pep_owner.tb_medicamento(id_medicamento, principio_ativo, apresentacao, chk_ativo) VALUES (76, 'ACECLOFENACO', '100 MG COM REV CT ENV AL X 24', true);
INSERT INTO pep_owner.tb_medicamento(id_medicamento, principio_ativo, apresentacao, chk_ativo) VALUES (77, 'ACECLOFENACO', '100 MG COM REV CT ENV AL X 480 (EMB HOSP)', true);
INSERT INTO pep_owner.tb_medicamento(id_medicamento, principio_ativo, apresentacao, chk_ativo) VALUES (78, 'ACECLOFENACO', '100 MG COM REV CT STR AL X 12', true);
INSERT INTO pep_owner.tb_medicamento(id_medicamento, principio_ativo, apresentacao, chk_ativo) VALUES (79, 'ACECLOFENACO', '15 MG/G CREM DERM CT BG AL X 30 G', true);
INSERT INTO pep_owner.tb_medicamento(id_medicamento, principio_ativo, apresentacao, chk_ativo) VALUES (80, 'ACECLOFENACO', '15 MG/G CREM DERM CT BG AL X 30 G', true);
INSERT INTO pep_owner.tb_medicamento(id_medicamento, principio_ativo, apresentacao, chk_ativo) VALUES (81, 'ACECLOFENACO', '15 MG/G CREM DERM CT TB AL X 30 G', true);
INSERT INTO pep_owner.tb_medicamento(id_medicamento, principio_ativo, apresentacao, chk_ativo) VALUES (82, 'ACEPONATO DE METILPREDNISOLONA', '1 MG/G CREM DERM CT BG AL X 15 G', true);
INSERT INTO pep_owner.tb_medicamento(id_medicamento, principio_ativo, apresentacao, chk_ativo) VALUES (83, 'ACEPONATO DE METILPREDNISOLONA', '1 MG/G LOÇÃO CREMOSA CT BG AL X 20 G', true);
INSERT INTO pep_owner.tb_medicamento(id_medicamento, principio_ativo, apresentacao, chk_ativo) VALUES (84, 'ACEPONATO DE METILPREDNISOLONA', '1 MG/ML SOL TOP CT FR PLAS OPC GOT X 20 ML', true);
INSERT INTO pep_owner.tb_medicamento(id_medicamento, principio_ativo, apresentacao, chk_ativo) VALUES (85, 'ACETATO DE ABIRATERONA', '250 MG COM CT FR PLAS OPC X 120', true);
INSERT INTO pep_owner.tb_medicamento(id_medicamento, principio_ativo, apresentacao, chk_ativo) VALUES (86, 'ACETATO DE BETAMETASONA; FOSFATO DISSÓDICO DE BETAMETASONA', '3 MG + 3 MG/ML SUS INJ CT 25 AMP VD AMB X 1ML', true);
INSERT INTO pep_owner.tb_medicamento(id_medicamento, principio_ativo, apresentacao, chk_ativo) VALUES (87, 'ACETATO DE BETAMETASONA; FOSFATO DISSÓDICO DE BETAMETASONA', '3MG + 3MG/ML SUS INJ CT AMP VD AMB X 1 ML', true);
INSERT INTO pep_owner.tb_medicamento(id_medicamento, principio_ativo, apresentacao, chk_ativo) VALUES (88, 'ACETATO DE BUSSERRELINA', '3,3 MG/MICROBAST IMPL CT SER APLIC X 2 MICROBAST', true);
INSERT INTO pep_owner.tb_medicamento(id_medicamento, principio_ativo, apresentacao, chk_ativo) VALUES (89, 'ACETATO DE CASPOFUNGINA', '50 MG PO LIOF SOL INJ CT FA VD INC', true);
INSERT INTO pep_owner.tb_medicamento(id_medicamento, principio_ativo, apresentacao, chk_ativo) VALUES (90, 'ACETATO DE CASPOFUNGINA', '70 MG PO LIOF SOL INJ CT FA VD INC', true);
INSERT INTO pep_owner.tb_medicamento(id_medicamento, principio_ativo, apresentacao, chk_ativo) VALUES (91, 'ACETATO DE CETRORRELIX', '0,25 MG PO LIOF INJ CT FA VD INC + 1 SER DIL + 2 AGULHAS + 2 TOALHAS', true);
INSERT INTO pep_owner.tb_medicamento(id_medicamento, principio_ativo, apresentacao, chk_ativo) VALUES (92, 'ACETATO DE CIPROTERONA', '100 MG COM CT BL AL PLAS INC X 20', true);
INSERT INTO pep_owner.tb_medicamento(id_medicamento, principio_ativo, apresentacao, chk_ativo) VALUES (93, 'ACETATO DE CIPROTERONA', '50 MG COM CT BL AL PLAS INC X 20', true);
INSERT INTO pep_owner.tb_medicamento(id_medicamento, principio_ativo, apresentacao, chk_ativo) VALUES (94, 'ACETATO DE CIPROTERONA; ETINILESTRADIOL', '(0,035 + 2) MG COM REV CT BL AL PLAS INC X 21', true);
INSERT INTO pep_owner.tb_medicamento(id_medicamento, principio_ativo, apresentacao, chk_ativo) VALUES (95, 'ACETATO DE CIPROTERONA; ETINILESTRADIOL', '(0,035 + 2) MG COM REV CT BL AL PLAS INC X 63', true);
INSERT INTO pep_owner.tb_medicamento(id_medicamento, principio_ativo, apresentacao, chk_ativo) VALUES (96, 'ACETATO DE CIPROTERONA; ETINILESTRADIOL', '(0,035 + 2) MG COM REV CT BL AL PLAS LEITOSO X 21', true);
INSERT INTO pep_owner.tb_medicamento(id_medicamento, principio_ativo, apresentacao, chk_ativo) VALUES (97, 'ACETATO DE CIPROTERONA; ETINILESTRADIOL', '(0,035 + 2) MG COM REV CT BL AL PLAS LEITOSO X 63', true);
INSERT INTO pep_owner.tb_medicamento(id_medicamento, principio_ativo, apresentacao, chk_ativo) VALUES (98, 'ACETATO DE CIPROTERONA; ETINILESTRADIOL', '2 MG + 0,035 MG COM REV CT BL AL PLAS INC X 21', true);
INSERT INTO pep_owner.tb_medicamento(id_medicamento, principio_ativo, apresentacao, chk_ativo) VALUES (99, 'ACETATO DE CIPROTERONA; ETINILESTRADIOL', '2 MG + 0,035 MG COM REV CT BL AL PLAS INC X 21', true);
INSERT INTO pep_owner.tb_medicamento(id_medicamento, principio_ativo, apresentacao, chk_ativo) VALUES (100, 'ACETATO DE CIPROTERONA; ETINILESTRADIOL', '2 MG + 0,035 MG COM REV CT CART EST CAL AL PVC X 21', true);
ALTER SEQUENCE pep_owner.medicamento_sequence RESTART WITH 101;