--cria usuarios
INSERT INTO pep_owner.tb_usuario(id_usuario, cpf, email, senha, chk_senha_provisoria, nome_completo, nome_fantasia, celular, qt_acessos_errados, chk_ativo, data_nascimento, sexo, optlock, cep, logradouro, numero, complemento, bairro, cidade, uf, nr_prontuario) VALUES (1, '76217092786', 'administrador@pepweb.com.br', 'sclHl/b+xwu+/b86PIYl+Q==', false, 'Administrador do PEP', 'Administrador', '4188889999', 0, true, '1980-01-01', 'M', 0, '80230000', 'Avenida Silva Jardim', '1194', 'Casa', 'Rebouças', 'Curitiba', 'PR', 232425);
INSERT INTO pep_owner.tb_usuario(id_usuario, cpf, email, senha, chk_senha_provisoria, nome_completo, nome_fantasia, celular, qt_acessos_errados, chk_ativo, data_nascimento, sexo, optlock, cep, logradouro, numero, complemento, bairro, cidade, uf, nr_prontuario) VALUES (2, '72228163481', 'recepcionista@pepweb.com.br', 'sclHl/b+xwu+/b86PIYl+Q==', false, 'Recepcionista do PEP', 'Recepcionista', '4199998888', 0, true, '1990-01-01', 'F', 0, '80230000', 'Avenida Silva Jardim', '1194', 'Casa', 'Rebouças', 'Curitiba', 'PR', 232426);
INSERT INTO pep_owner.tb_usuario(id_usuario, cpf, email, senha, chk_senha_provisoria, nome_completo, nome_fantasia, celular, qt_acessos_errados, chk_ativo, data_nascimento, sexo, optlock, cep, logradouro, numero, complemento, bairro, cidade, uf, nr_prontuario) VALUES (3, '40424527103', 'paciente@pepweb.com.br', 'sclHl/b+xwu+/b86PIYl+Q==', false, 'Paciente do PEP', 'Paciente', '4198765432', 0, true, '1990-01-01', 'M', 0, '80230000', 'Avenida Silva Jardim', '1194', 'Casa', 'Rebouças', 'Curitiba', 'PR', 232427);
ALTER SEQUENCE pep_owner.usuario_sequence RESTART WITH 4;

--cria perfis
INSERT INTO pep_owner.tb_perfil(id_perfil, nome, descricao, chk_possui_especialidades, chk_possui_convenios, chk_perfil_predefinido) VALUES (1, 'Administrador', 'Perfil com autorização para todas as funcionalidades do sistema.', false, false, false);
INSERT INTO pep_owner.tb_perfil(id_perfil, nome, descricao, chk_possui_especialidades, chk_possui_convenios, chk_perfil_predefinido) VALUES (2, 'Recepcionista', 'Perfil com autorização para funcionalidades necessárias para atendimento na recepção do estabelecimento médico.', false, false, false);
INSERT INTO pep_owner.tb_perfil(id_perfil, nome, descricao, chk_possui_especialidades, chk_possui_convenios, chk_perfil_predefinido) VALUES (3, 'Paciente', 'Perfil com autorização para funcionalidades disponíveis para pacientes.', false, true, true);
INSERT INTO pep_owner.tb_perfil(id_perfil, nome, descricao, chk_possui_especialidades, chk_possui_convenios, chk_perfil_predefinido) VALUES (4, 'Profissional Médico', 'Perfil com autorização para funcionalidades disponíveis para os profissionais médicos.', true, true, false);
ALTER SEQUENCE pep_owner.perfil_sequence RESTART WITH 5;

--cria autorizacoes
INSERT INTO pep_owner.tb_autorizacao(id_autorizacao, nome, descricao) VALUES (1, 'EDITAR_PERFIS', 'Autorização para visualizar, criar, editar e excluir perfis de usuário.');
INSERT INTO pep_owner.tb_autorizacao(id_autorizacao, nome, descricao) VALUES (2, 'EDITAR_USUARIOS', 'Autorização para visualizar, criar, editar e excluir usuários.');
INSERT INTO pep_owner.tb_autorizacao(id_autorizacao, nome, descricao) VALUES (3, 'VISUALIZAR_USUARIOS', 'Autorização para visualizar usuários.');
INSERT INTO pep_owner.tb_autorizacao(id_autorizacao, nome, descricao) VALUES (4, 'EDITAR_INFORMACOES_PESSOAIS', 'Autorização para editar informações pessoais.');
INSERT INTO pep_owner.tb_autorizacao(id_autorizacao, nome, descricao) VALUES (5, 'EDITAR_ESPECIALIDADES', 'Autorização para funcionalidade de manutenção de especialidades.');
INSERT INTO pep_owner.tb_autorizacao(id_autorizacao, nome, descricao) VALUES (6, 'EDITAR_CONVENIOS', 'Autorização para funcionalidade de manutenção de convênios.');
INSERT INTO pep_owner.tb_autorizacao(id_autorizacao, nome, descricao) VALUES (7, 'EDITAR_PACIENTES', 'Autorização para visualizar, criar, editar e excluir pacientes.');
INSERT INTO pep_owner.tb_autorizacao(id_autorizacao, nome, descricao) VALUES (8, 'VISUALIZAR_PACIENTES', 'Autorização para visualizar pacientes.');
INSERT INTO pep_owner.tb_autorizacao(id_autorizacao, nome, descricao) VALUES (9, 'EDITAR_MEDICAMENTOS', 'Autorização para editar medicamentos.');
ALTER SEQUENCE pep_owner.autorizacao_sequence RESTART WITH 10;

--vincula perfis aos usuarios
INSERT INTO pep_owner.tb_usuario_perfil(id_usuario, id_perfil) VALUES (1, 1);
INSERT INTO pep_owner.tb_usuario_perfil(id_usuario, id_perfil) VALUES (2, 2);
INSERT INTO pep_owner.tb_usuario_perfil(id_usuario, id_perfil) VALUES (3, 3);

--vincula autorizacoes de edicao ao perfil Administrador
INSERT INTO pep_owner.tb_perfil_autorizacao(id_perfil, id_autorizacao) VALUES (1, 1);
INSERT INTO pep_owner.tb_perfil_autorizacao(id_perfil, id_autorizacao) VALUES (1, 2);
INSERT INTO pep_owner.tb_perfil_autorizacao(id_perfil, id_autorizacao) VALUES (1, 5);
INSERT INTO pep_owner.tb_perfil_autorizacao(id_perfil, id_autorizacao) VALUES (1, 6);
INSERT INTO pep_owner.tb_perfil_autorizacao(id_perfil, id_autorizacao) VALUES (1, 7);
INSERT INTO pep_owner.tb_perfil_autorizacao(id_perfil, id_autorizacao) VALUES (1, 9);

--vincula autorizacoes de edicao de paciente ao perfil Recepcionista
INSERT INTO pep_owner.tb_perfil_autorizacao(id_perfil, id_autorizacao) VALUES (2, 7);

--vincula autorizacao EDITAR_INFORMACOES_PESSOAIS a todos os perfis
INSERT INTO pep_owner.tb_perfil_autorizacao(id_perfil, id_autorizacao) VALUES (1, 4);
INSERT INTO pep_owner.tb_perfil_autorizacao(id_perfil, id_autorizacao) VALUES (2, 4);
INSERT INTO pep_owner.tb_perfil_autorizacao(id_perfil, id_autorizacao) VALUES (3, 4);
INSERT INTO pep_owner.tb_perfil_autorizacao(id_perfil, id_autorizacao) VALUES (4, 4);

--especialidades
INSERT INTO pep_owner.tb_especialidade(id_especialidade, descricao) VALUES (1, 'Acupuntura');
INSERT INTO pep_owner.tb_especialidade(id_especialidade, descricao) VALUES (2, 'Alergia e Imunologia');
INSERT INTO pep_owner.tb_especialidade(id_especialidade, descricao) VALUES (3, 'Anestesiologia');
INSERT INTO pep_owner.tb_especialidade(id_especialidade, descricao) VALUES (4, 'Angiologia');
INSERT INTO pep_owner.tb_especialidade(id_especialidade, descricao) VALUES (5, 'Cancerologia');
INSERT INTO pep_owner.tb_especialidade(id_especialidade, descricao) VALUES (6, 'Cardiologia');
INSERT INTO pep_owner.tb_especialidade(id_especialidade, descricao) VALUES (7, 'Cirurgia Cardiovascular');
INSERT INTO pep_owner.tb_especialidade(id_especialidade, descricao) VALUES (8, 'Cirurgia da Mão');
INSERT INTO pep_owner.tb_especialidade(id_especialidade, descricao) VALUES (9, 'Cirurgia de Cabeça e Pescoço');
INSERT INTO pep_owner.tb_especialidade(id_especialidade, descricao) VALUES (10, 'Cirurgia do Aparelho Digestivo');
INSERT INTO pep_owner.tb_especialidade(id_especialidade, descricao) VALUES (11, 'Cirurgia Geral');
INSERT INTO pep_owner.tb_especialidade(id_especialidade, descricao) VALUES (12, 'Cirurgia Pediátrica');
INSERT INTO pep_owner.tb_especialidade(id_especialidade, descricao) VALUES (13, 'Cirurgia Plástica');
INSERT INTO pep_owner.tb_especialidade(id_especialidade, descricao) VALUES (14, 'Cirurgia Torácica');
INSERT INTO pep_owner.tb_especialidade(id_especialidade, descricao) VALUES (15, 'Cirurgia Vascular');
INSERT INTO pep_owner.tb_especialidade(id_especialidade, descricao) VALUES (16, 'Clínica Médica');
INSERT INTO pep_owner.tb_especialidade(id_especialidade, descricao) VALUES (17, 'Coloproctologia');
INSERT INTO pep_owner.tb_especialidade(id_especialidade, descricao) VALUES (18, 'Dermatologia');
INSERT INTO pep_owner.tb_especialidade(id_especialidade, descricao) VALUES (19, 'Endocrinologia e Metabologia');
INSERT INTO pep_owner.tb_especialidade(id_especialidade, descricao) VALUES (20, 'Endoscopia');
INSERT INTO pep_owner.tb_especialidade(id_especialidade, descricao) VALUES (21, 'Gastroenterologia');
INSERT INTO pep_owner.tb_especialidade(id_especialidade, descricao) VALUES (22, 'Genética Médica');
INSERT INTO pep_owner.tb_especialidade(id_especialidade, descricao) VALUES (23, 'Geriatria');
INSERT INTO pep_owner.tb_especialidade(id_especialidade, descricao) VALUES (24, 'Ginecologia e Obstetrícia');
INSERT INTO pep_owner.tb_especialidade(id_especialidade, descricao) VALUES (25, 'Hematologia e Hemoterapia');
INSERT INTO pep_owner.tb_especialidade(id_especialidade, descricao) VALUES (26, 'Homeopatia');
INSERT INTO pep_owner.tb_especialidade(id_especialidade, descricao) VALUES (27, 'Infectologia');
INSERT INTO pep_owner.tb_especialidade(id_especialidade, descricao) VALUES (28, 'Mastologia');
INSERT INTO pep_owner.tb_especialidade(id_especialidade, descricao) VALUES (29, 'Medicina de Família e Comunidade');
INSERT INTO pep_owner.tb_especialidade(id_especialidade, descricao) VALUES (30, 'Medicina do Trabalho');
INSERT INTO pep_owner.tb_especialidade(id_especialidade, descricao) VALUES (31, 'Medicina de Tráfego');
INSERT INTO pep_owner.tb_especialidade(id_especialidade, descricao) VALUES (32, 'Medicina Esportiva');
INSERT INTO pep_owner.tb_especialidade(id_especialidade, descricao) VALUES (33, 'Medicina Física e Reabilitação');
INSERT INTO pep_owner.tb_especialidade(id_especialidade, descricao) VALUES (34, 'Medicina Intensiva');
INSERT INTO pep_owner.tb_especialidade(id_especialidade, descricao) VALUES (35, 'Medicina Legal e Perícia Médica');
INSERT INTO pep_owner.tb_especialidade(id_especialidade, descricao) VALUES (36, 'Medicina Nuclear');
INSERT INTO pep_owner.tb_especialidade(id_especialidade, descricao) VALUES (37, 'Medicina Preventiva e Social');
INSERT INTO pep_owner.tb_especialidade(id_especialidade, descricao) VALUES (38, 'Nefrologia');
INSERT INTO pep_owner.tb_especialidade(id_especialidade, descricao) VALUES (39, 'Neurocirurgia');
INSERT INTO pep_owner.tb_especialidade(id_especialidade, descricao) VALUES (40, 'Neurologia');
INSERT INTO pep_owner.tb_especialidade(id_especialidade, descricao) VALUES (41, 'Nutrologia');
INSERT INTO pep_owner.tb_especialidade(id_especialidade, descricao) VALUES (42, 'Oftalmologia');
INSERT INTO pep_owner.tb_especialidade(id_especialidade, descricao) VALUES (43, 'Ortopedia e Traumatologia');
INSERT INTO pep_owner.tb_especialidade(id_especialidade, descricao) VALUES (44, 'Otorrinolaringologia');
INSERT INTO pep_owner.tb_especialidade(id_especialidade, descricao) VALUES (45, 'Patologia');
INSERT INTO pep_owner.tb_especialidade(id_especialidade, descricao) VALUES (46, 'Patologia Clínica/Medicina Laboratorial');
INSERT INTO pep_owner.tb_especialidade(id_especialidade, descricao) VALUES (47, 'Pediatria');
INSERT INTO pep_owner.tb_especialidade(id_especialidade, descricao) VALUES (48, 'Pneumologia');
INSERT INTO pep_owner.tb_especialidade(id_especialidade, descricao) VALUES (49, 'Psiquiatria');
INSERT INTO pep_owner.tb_especialidade(id_especialidade, descricao) VALUES (50, 'Radiologia e Diagnóstico por Imagem');
INSERT INTO pep_owner.tb_especialidade(id_especialidade, descricao) VALUES (51, 'Radioterapia');
INSERT INTO pep_owner.tb_especialidade(id_especialidade, descricao) VALUES (52, 'Reumatologia');
INSERT INTO pep_owner.tb_especialidade(id_especialidade, descricao) VALUES (53, 'Urologia');
ALTER SEQUENCE pep_owner.especialidade_sequence RESTART WITH 54;

--convenios
INSERT INTO pep_owner.tb_convenio(id_convenio, descricao) VALUES (1, 'Unimed');
INSERT INTO pep_owner.tb_convenio(id_convenio, descricao) VALUES (2, 'Paraná Clínicas');
INSERT INTO pep_owner.tb_convenio(id_convenio, descricao) VALUES (3, 'Amil');
ALTER SEQUENCE pep_owner.convenio_sequence RESTART WITH 4;

-- medicamentos (somente alguns, a lista total esta no arquivo import_medicamentos.sql)
INSERT INTO pep_owner.tb_medicamento(id_medicamento, principio_ativo, apresentacao) VALUES (1, 'ABATACEPTE', '125 MG/ML SOL INJ CT 1 SER PREENC VD TRANS + DISPOSITIVO ULTRASAFE PASSIVE + EXTENSORES DE APOIO');
INSERT INTO pep_owner.tb_medicamento(id_medicamento, principio_ativo, apresentacao) VALUES (2, 'ABATACEPTE', '125 MG/ML SOL INJ CT 1 SER PREENCHIDA');
INSERT INTO pep_owner.tb_medicamento(id_medicamento, principio_ativo, apresentacao) VALUES (3, 'ABATACEPTE', '125 MG/ML SOL INJ CT 1 SER PREENCHIDA + DISPOSITIVO ULTRASAFE');
INSERT INTO pep_owner.tb_medicamento(id_medicamento, principio_ativo, apresentacao) VALUES (4, 'ABATACEPTE', '125 MG/ML SOL INJ CT 4 SER PREENC VD TRANS + DISPOSITIVO ULTRASAFE PASSIVE + EXTENSORES DE APOIO');
INSERT INTO pep_owner.tb_medicamento(id_medicamento, principio_ativo, apresentacao) VALUES (5, 'ABATACEPTE', '125 MG/ML SOL INJ CT 4 SER PREENCHIDA');
INSERT INTO pep_owner.tb_medicamento(id_medicamento, principio_ativo, apresentacao) VALUES (6, 'ABATACEPTE', '125 MG/ML SOL INJ CT 4 SER PREENCHIDA + DISPOSITIVO ULTRASAFE');
INSERT INTO pep_owner.tb_medicamento(id_medicamento, principio_ativo, apresentacao) VALUES (7, 'ABATACEPTE', '250 MG PO LIOF INJ CT FA + SER DESC');
INSERT INTO pep_owner.tb_medicamento(id_medicamento, principio_ativo, apresentacao) VALUES (8, 'ABCIXIMABE', '2 MG/ML SOL INJ CT FA VD INC X 5 ML');
INSERT INTO pep_owner.tb_medicamento(id_medicamento, principio_ativo, apresentacao) VALUES (9, 'ACARBOSE', '100 MG COM CT 3 BL AL PVDC LEIT X 10');
INSERT INTO pep_owner.tb_medicamento(id_medicamento, principio_ativo, apresentacao) VALUES (10, 'ACARBOSE', '100 MG COM CT BL AL/AL X 30');
INSERT INTO pep_owner.tb_medicamento(id_medicamento, principio_ativo, apresentacao) VALUES (11, 'ACARBOSE', '50 MG COM CT 3 BL AL PVDC LEIT X 10');
INSERT INTO pep_owner.tb_medicamento(id_medicamento, principio_ativo, apresentacao) VALUES (12, 'ACARBOSE', '50 MG COM CT BL AL/AL X 30');
INSERT INTO pep_owner.tb_medicamento(id_medicamento, principio_ativo, apresentacao) VALUES (13, 'ACEBROFILINA', '10 MG / ML XPE CT FR PET AMB X 120 ML + COP');
INSERT INTO pep_owner.tb_medicamento(id_medicamento, principio_ativo, apresentacao) VALUES (14, 'ACEBROFILINA', '10 MG / ML XPE CT FR PLAS PET AMB X 120 ML + CP MED X 10 ML');
INSERT INTO pep_owner.tb_medicamento(id_medicamento, principio_ativo, apresentacao) VALUES (15, 'ACEBROFILINA', '10 MG / ML XPE CT FR PLAS PET AMB X 60 ML + CP MED X 10 ML');
INSERT INTO pep_owner.tb_medicamento(id_medicamento, principio_ativo, apresentacao) VALUES (16, 'ACEBROFILINA', '10 MG / ML XPE CT FR VD AMB X 100 ML + COP');
INSERT INTO pep_owner.tb_medicamento(id_medicamento, principio_ativo, apresentacao) VALUES (17, 'ACEBROFILINA', '10 MG / ML XPE CX 50 FR PET AMB X 120 ML + COP (EMB HOSP)');
INSERT INTO pep_owner.tb_medicamento(id_medicamento, principio_ativo, apresentacao) VALUES (18, 'ACEBROFILINA', '10 MG/ ML XPE CT FR VD AMB X 120 ML + CP MED');
INSERT INTO pep_owner.tb_medicamento(id_medicamento, principio_ativo, apresentacao) VALUES (19, 'ACEBROFILINA', '10 MG/ ML XPE CX 50 FR PLAS AMB X 120 ML + 50 CP MED (EMB HOSP)');
INSERT INTO pep_owner.tb_medicamento(id_medicamento, principio_ativo, apresentacao) VALUES (20, 'ACEBROFILINA', '10 MG/ML XPE AD CT FR VD AMB X 120 ML + CP MED X 10 ML');
INSERT INTO pep_owner.tb_medicamento(id_medicamento, principio_ativo, apresentacao) VALUES (21, 'ACEBROFILINA', '10 MG/ML XPE CT FR PEAD X 120 ML + CP MED');
INSERT INTO pep_owner.tb_medicamento(id_medicamento, principio_ativo, apresentacao) VALUES (22, 'ACEBROFILINA', '10 MG/ML XPE CT FR PET AMB X 120 ML + COP');
INSERT INTO pep_owner.tb_medicamento(id_medicamento, principio_ativo, apresentacao) VALUES (23, 'ACEBROFILINA', '10 MG/ML XPE CT FR PLAS AMB X 120 ML + CP MED');
INSERT INTO pep_owner.tb_medicamento(id_medicamento, principio_ativo, apresentacao) VALUES (24, 'ACEBROFILINA', '10 MG/ML XPE CT FR PLAS OPC X 120 ML + CP MED');
INSERT INTO pep_owner.tb_medicamento(id_medicamento, principio_ativo, apresentacao) VALUES (25, 'ACEBROFILINA', '10 MG/ML XPE CT FR PLAS OPC X 120ML + COP MED');
INSERT INTO pep_owner.tb_medicamento(id_medicamento, principio_ativo, apresentacao) VALUES (26, 'ACEBROFILINA', '10 MG/ML XPE CT FR VD AMB X 120 ML + COP');
INSERT INTO pep_owner.tb_medicamento(id_medicamento, principio_ativo, apresentacao) VALUES (27, 'ACEBROFILINA', '10 MG/ML XPE CT FR VD AMB X 120 ML + COPO MED');
INSERT INTO pep_owner.tb_medicamento(id_medicamento, principio_ativo, apresentacao) VALUES (28, 'ACEBROFILINA', '10 MG/ML XPE CT FR VD AMB X 120 ML + CP MED');
INSERT INTO pep_owner.tb_medicamento(id_medicamento, principio_ativo, apresentacao) VALUES (29, 'ACEBROFILINA', '10 MG/ML XPE CT FR VD AMB X 120 ML + CP MED');
INSERT INTO pep_owner.tb_medicamento(id_medicamento, principio_ativo, apresentacao) VALUES (30, 'ACEBROFILINA', '10 MG/ML XPE CT FR VD AMB X 120 ML + DOSADOR');
INSERT INTO pep_owner.tb_medicamento(id_medicamento, principio_ativo, apresentacao) VALUES (31, 'ACEBROFILINA', '10 MG/ML XPE CT FR VD AMB X 120ML');
INSERT INTO pep_owner.tb_medicamento(id_medicamento, principio_ativo, apresentacao) VALUES (32, 'ACEBROFILINA', '10 MG/ML XPE CX 50 FR PLAS AMB X 120 ML + 50 CP MED (EMB HOSP)');
INSERT INTO pep_owner.tb_medicamento(id_medicamento, principio_ativo, apresentacao) VALUES (33, 'ACEBROFILINA', '10 MG/ML XPE CX 50 FR PLAS OPC X 120 ML + 50 CP MED (EMB HOSP)');
INSERT INTO pep_owner.tb_medicamento(id_medicamento, principio_ativo, apresentacao) VALUES (34, 'ACEBROFILINA', '10 MG/ML XPE CX 60 FR PEAD X 120 ML + 60 CP MED (EMB HOSP)');
INSERT INTO pep_owner.tb_medicamento(id_medicamento, principio_ativo, apresentacao) VALUES (35, 'ACEBROFILINA', '10 MG/ML XPE CX 60 FR PEAD X 120 ML + 60 CP MED (EMB HOSP)');
INSERT INTO pep_owner.tb_medicamento(id_medicamento, principio_ativo, apresentacao) VALUES (36, 'ACEBROFILINA', '10MG/ML XPE CT FR VD AMB X 120ML + CP MED');
INSERT INTO pep_owner.tb_medicamento(id_medicamento, principio_ativo, apresentacao) VALUES (37, 'ACEBROFILINA', '25MG/5ML XPE INF (VD C/120ML)');
INSERT INTO pep_owner.tb_medicamento(id_medicamento, principio_ativo, apresentacao) VALUES (38, 'ACEBROFILINA', '5 MG / ML XPE CT FR VD AMB X 100 ML + COP');
INSERT INTO pep_owner.tb_medicamento(id_medicamento, principio_ativo, apresentacao) VALUES (39, 'ACEBROFILINA', '5 MG / ML XPE CT FR PET AMB X 120 ML + COP');
INSERT INTO pep_owner.tb_medicamento(id_medicamento, principio_ativo, apresentacao) VALUES (40, 'ACEBROFILINA', '5 MG / ML XPE CT FR PLAS PET AMB X 120 ML + CP MED X 10 ML');
INSERT INTO pep_owner.tb_medicamento(id_medicamento, principio_ativo, apresentacao) VALUES (41, 'ACEBROFILINA', '5 MG / ML XPE CT FR PLAS PET AMB X 60 ML + CP MED X 10 ML');
INSERT INTO pep_owner.tb_medicamento(id_medicamento, principio_ativo, apresentacao) VALUES (42, 'ACEBROFILINA', '5 MG / ML XPE CX 50 FR PET AMB X 120 ML + COP (EMB HOSP)');
INSERT INTO pep_owner.tb_medicamento(id_medicamento, principio_ativo, apresentacao) VALUES (43, 'ACEBROFILINA', '5 MG/ ML XPE CT FR VD AMB X 120 ML + CP MED');
INSERT INTO pep_owner.tb_medicamento(id_medicamento, principio_ativo, apresentacao) VALUES (44, 'ACEBROFILINA', '5 MG/ ML XPE CX 50 FR PLAS AMB X 120 ML + 50 CP MED (EMB HOSP)');
INSERT INTO pep_owner.tb_medicamento(id_medicamento, principio_ativo, apresentacao) VALUES (45, 'ACEBROFILINA', '5 MG/ML GEL OR CT FR PLAS INC X 120ML + COL MED');
INSERT INTO pep_owner.tb_medicamento(id_medicamento, principio_ativo, apresentacao) VALUES (46, 'ACEBROFILINA', '5 MG/ML XPE CT FR PEAD X 120 ML + CP MED');
INSERT INTO pep_owner.tb_medicamento(id_medicamento, principio_ativo, apresentacao) VALUES (47, 'ACEBROFILINA', '5 MG/ML XPE CT FR PLAS AMB X 120 ML + CP MED');
INSERT INTO pep_owner.tb_medicamento(id_medicamento, principio_ativo, apresentacao) VALUES (48, 'ACEBROFILINA', '5 MG/ML XPE CT FR PLAS OPC X 120 ML + CP MED');
INSERT INTO pep_owner.tb_medicamento(id_medicamento, principio_ativo, apresentacao) VALUES (49, 'ACEBROFILINA', '5 MG/ML XPE CT FR PLAS OPC X 120ML + COP MED');
INSERT INTO pep_owner.tb_medicamento(id_medicamento, principio_ativo, apresentacao) VALUES (50, 'ACEBROFILINA', '5 MG/ML XPE CT FR VD AMB X 120 ML + COP');
INSERT INTO pep_owner.tb_medicamento(id_medicamento, principio_ativo, apresentacao) VALUES (51, 'ACEBROFILINA', '5 MG/ML XPE CT FR VD AMB X 120 ML + COPO MED');
INSERT INTO pep_owner.tb_medicamento(id_medicamento, principio_ativo, apresentacao) VALUES (52, 'ACEBROFILINA', '5 MG/ML XPE CT FR VD AMB X 120 ML + CP MED');
INSERT INTO pep_owner.tb_medicamento(id_medicamento, principio_ativo, apresentacao) VALUES (53, 'ACEBROFILINA', '5 MG/ML XPE CT FR VD AMB X 120 ML + CP MED');
INSERT INTO pep_owner.tb_medicamento(id_medicamento, principio_ativo, apresentacao) VALUES (54, 'ACEBROFILINA', '5 MG/ML XPE CT FR VD AMB X 120 ML + CP MED ');
INSERT INTO pep_owner.tb_medicamento(id_medicamento, principio_ativo, apresentacao) VALUES (55, 'ACEBROFILINA', '5 MG/ML XPE CT FR VD AMB X 120 ML + DOSADOR ');
INSERT INTO pep_owner.tb_medicamento(id_medicamento, principio_ativo, apresentacao) VALUES (56, 'ACEBROFILINA', '5 MG/ML XPE CT FR VD AMB X 120ML');
INSERT INTO pep_owner.tb_medicamento(id_medicamento, principio_ativo, apresentacao) VALUES (57, 'ACEBROFILINA', '5 MG/ML XPE CX 50 FR PLAS AMB X 120 ML + 50 CP MED (EMB HOSP)');
INSERT INTO pep_owner.tb_medicamento(id_medicamento, principio_ativo, apresentacao) VALUES (58, 'ACEBROFILINA', '5 MG/ML XPE CX 50 FR PLAS OPC X 120 ML + 50 CP MED (EMB HOSP)');
INSERT INTO pep_owner.tb_medicamento(id_medicamento, principio_ativo, apresentacao) VALUES (59, 'ACEBROFILINA', '5 MG/ML XPE CX 60 FR PEAD X 120 ML + 60 CP MED (EMB HOSP)');
INSERT INTO pep_owner.tb_medicamento(id_medicamento, principio_ativo, apresentacao) VALUES (60, 'ACEBROFILINA', '5 MG/ML XPE CX 60 FR PEAD X 120 ML + 60 CP MED (EMB HOSP)');
INSERT INTO pep_owner.tb_medicamento(id_medicamento, principio_ativo, apresentacao) VALUES (61, 'ACEBROFILINA', '5 MG/ML XPE INF CT FR VD AMB X 120 ML + CP MED X 10 ML');
INSERT INTO pep_owner.tb_medicamento(id_medicamento, principio_ativo, apresentacao) VALUES (62, 'ACEBROFILINA', '5MG/ML XPE CT FR VD AMB X 120ML + CP MED');
INSERT INTO pep_owner.tb_medicamento(id_medicamento, principio_ativo, apresentacao) VALUES (63, 'ACEBROFILINA', '5MG/ML XPE CT FR VD AMB X 120ML + SER DOSAD');
INSERT INTO pep_owner.tb_medicamento(id_medicamento, principio_ativo, apresentacao) VALUES (64, 'ACECLOFENACO', '100 MG COM REV CT BL AL AL X 12');
INSERT INTO pep_owner.tb_medicamento(id_medicamento, principio_ativo, apresentacao) VALUES (65, 'ACECLOFENACO', '100 MG COM REV CT BL AL PLAS OPC X 12');
INSERT INTO pep_owner.tb_medicamento(id_medicamento, principio_ativo, apresentacao) VALUES (66, 'ACECLOFENACO', '100 MG COM REV CT 2 STR AL X 12');
INSERT INTO pep_owner.tb_medicamento(id_medicamento, principio_ativo, apresentacao) VALUES (67, 'ACECLOFENACO', '100 MG COM REV CT BL AL / AL X 6');
INSERT INTO pep_owner.tb_medicamento(id_medicamento, principio_ativo, apresentacao) VALUES (68, 'ACECLOFENACO', '100 MG COM REV CT BL AL AL X 12');
INSERT INTO pep_owner.tb_medicamento(id_medicamento, principio_ativo, apresentacao) VALUES (69, 'ACECLOFENACO', '100 MG COM REV CT BL AL AL X 24');
INSERT INTO pep_owner.tb_medicamento(id_medicamento, principio_ativo, apresentacao) VALUES (70, 'ACECLOFENACO', '100 MG COM REV CT BL AL PLAS OPC X 12');
INSERT INTO pep_owner.tb_medicamento(id_medicamento, principio_ativo, apresentacao) VALUES (71, 'ACECLOFENACO', '100 MG COM REV CT BL AL PLAS OPC X 24');
INSERT INTO pep_owner.tb_medicamento(id_medicamento, principio_ativo, apresentacao) VALUES (72, 'ACECLOFENACO', '100 MG COM REV CT BL AL/AL X 12');
INSERT INTO pep_owner.tb_medicamento(id_medicamento, principio_ativo, apresentacao) VALUES (73, 'ACECLOFENACO', '100 MG COM REV CT ENV AL X 12');
INSERT INTO pep_owner.tb_medicamento(id_medicamento, principio_ativo, apresentacao) VALUES (74, 'ACECLOFENACO', '100 MG COM REV CT ENV AL X 12');
INSERT INTO pep_owner.tb_medicamento(id_medicamento, principio_ativo, apresentacao) VALUES (75, 'ACECLOFENACO', '100 MG COM REV CT ENV AL X 16');
INSERT INTO pep_owner.tb_medicamento(id_medicamento, principio_ativo, apresentacao) VALUES (76, 'ACECLOFENACO', '100 MG COM REV CT ENV AL X 24');
INSERT INTO pep_owner.tb_medicamento(id_medicamento, principio_ativo, apresentacao) VALUES (77, 'ACECLOFENACO', '100 MG COM REV CT ENV AL X 480 (EMB HOSP)');
INSERT INTO pep_owner.tb_medicamento(id_medicamento, principio_ativo, apresentacao) VALUES (78, 'ACECLOFENACO', '100 MG COM REV CT STR AL X 12');
INSERT INTO pep_owner.tb_medicamento(id_medicamento, principio_ativo, apresentacao) VALUES (79, 'ACECLOFENACO', '15 MG/G CREM DERM CT BG AL X 30 G');
INSERT INTO pep_owner.tb_medicamento(id_medicamento, principio_ativo, apresentacao) VALUES (80, 'ACECLOFENACO', '15 MG/G CREM DERM CT BG AL X 30 G');
INSERT INTO pep_owner.tb_medicamento(id_medicamento, principio_ativo, apresentacao) VALUES (81, 'ACECLOFENACO', '15 MG/G CREM DERM CT TB AL X 30 G');
INSERT INTO pep_owner.tb_medicamento(id_medicamento, principio_ativo, apresentacao) VALUES (82, 'ACEPONATO DE METILPREDNISOLONA', '1 MG/G CREM DERM CT BG AL X 15 G');
INSERT INTO pep_owner.tb_medicamento(id_medicamento, principio_ativo, apresentacao) VALUES (83, 'ACEPONATO DE METILPREDNISOLONA', '1 MG/G LOÇÃO CREMOSA CT BG AL X 20 G');
INSERT INTO pep_owner.tb_medicamento(id_medicamento, principio_ativo, apresentacao) VALUES (84, 'ACEPONATO DE METILPREDNISOLONA', '1 MG/ML SOL TOP CT FR PLAS OPC GOT X 20 ML');
INSERT INTO pep_owner.tb_medicamento(id_medicamento, principio_ativo, apresentacao) VALUES (85, 'ACETATO DE ABIRATERONA', '250 MG COM CT FR PLAS OPC X 120');
INSERT INTO pep_owner.tb_medicamento(id_medicamento, principio_ativo, apresentacao) VALUES (86, 'ACETATO DE BETAMETASONA; FOSFATO DISSÓDICO DE BETAMETASONA', '3 MG + 3 MG/ML SUS INJ CT 25 AMP VD AMB X 1ML');
INSERT INTO pep_owner.tb_medicamento(id_medicamento, principio_ativo, apresentacao) VALUES (87, 'ACETATO DE BETAMETASONA; FOSFATO DISSÓDICO DE BETAMETASONA', '3MG + 3MG/ML SUS INJ CT AMP VD AMB X 1 ML');
INSERT INTO pep_owner.tb_medicamento(id_medicamento, principio_ativo, apresentacao) VALUES (88, 'ACETATO DE BUSSERRELINA', '3,3 MG/MICROBAST IMPL CT SER APLIC X 2 MICROBAST');
INSERT INTO pep_owner.tb_medicamento(id_medicamento, principio_ativo, apresentacao) VALUES (89, 'ACETATO DE CASPOFUNGINA', '50 MG PO LIOF SOL INJ CT FA VD INC');
INSERT INTO pep_owner.tb_medicamento(id_medicamento, principio_ativo, apresentacao) VALUES (90, 'ACETATO DE CASPOFUNGINA', '70 MG PO LIOF SOL INJ CT FA VD INC');
INSERT INTO pep_owner.tb_medicamento(id_medicamento, principio_ativo, apresentacao) VALUES (91, 'ACETATO DE CETRORRELIX', '0,25 MG PO LIOF INJ CT FA VD INC + 1 SER DIL + 2 AGULHAS + 2 TOALHAS');
INSERT INTO pep_owner.tb_medicamento(id_medicamento, principio_ativo, apresentacao) VALUES (92, 'ACETATO DE CIPROTERONA', '100 MG COM CT BL AL PLAS INC X 20');
INSERT INTO pep_owner.tb_medicamento(id_medicamento, principio_ativo, apresentacao) VALUES (93, 'ACETATO DE CIPROTERONA', '50 MG COM CT BL AL PLAS INC X 20');
INSERT INTO pep_owner.tb_medicamento(id_medicamento, principio_ativo, apresentacao) VALUES (94, 'ACETATO DE CIPROTERONA; ETINILESTRADIOL', '(0,035 + 2) MG COM REV CT BL AL PLAS INC X 21');
INSERT INTO pep_owner.tb_medicamento(id_medicamento, principio_ativo, apresentacao) VALUES (95, 'ACETATO DE CIPROTERONA; ETINILESTRADIOL', '(0,035 + 2) MG COM REV CT BL AL PLAS INC X 63');
INSERT INTO pep_owner.tb_medicamento(id_medicamento, principio_ativo, apresentacao) VALUES (96, 'ACETATO DE CIPROTERONA; ETINILESTRADIOL', '(0,035 + 2) MG COM REV CT BL AL PLAS LEITOSO X 21');
INSERT INTO pep_owner.tb_medicamento(id_medicamento, principio_ativo, apresentacao) VALUES (97, 'ACETATO DE CIPROTERONA; ETINILESTRADIOL', '(0,035 + 2) MG COM REV CT BL AL PLAS LEITOSO X 63');
INSERT INTO pep_owner.tb_medicamento(id_medicamento, principio_ativo, apresentacao) VALUES (98, 'ACETATO DE CIPROTERONA; ETINILESTRADIOL', '2 MG + 0,035 MG COM REV CT BL AL PLAS INC X 21');
INSERT INTO pep_owner.tb_medicamento(id_medicamento, principio_ativo, apresentacao) VALUES (99, 'ACETATO DE CIPROTERONA; ETINILESTRADIOL', '2 MG + 0,035 MG COM REV CT BL AL PLAS INC X 21');
INSERT INTO pep_owner.tb_medicamento(id_medicamento, principio_ativo, apresentacao) VALUES (100, 'ACETATO DE CIPROTERONA; ETINILESTRADIOL', '2 MG + 0,035 MG COM REV CT CART EST CAL AL PVC X 21');
INSERT INTO pep_owner.tb_medicamento(id_medicamento, principio_ativo, apresentacao) VALUES (101, 'ACETATO DE CIPROTERONA; ETINILESTRADIOL', '2 MG + 0,035 MG COM REV CT CART EST CAL AL PVC X 63');
INSERT INTO pep_owner.tb_medicamento(id_medicamento, principio_ativo, apresentacao) VALUES (102, 'ACETATO DE CIPROTERONA; ETINILESTRADIOL', '2 MG + 0,035 MG DRG CT BL AL PLAS INC X 21');
INSERT INTO pep_owner.tb_medicamento(id_medicamento, principio_ativo, apresentacao) VALUES (103, 'ACETATO DE CIPROTERONA; ETINILESTRADIOL', '2 MG + 0,035 MG DRG CT BL AL PLAS INC X 63');
INSERT INTO pep_owner.tb_medicamento(id_medicamento, principio_ativo, apresentacao) VALUES (104, 'ACETATO DE CIPROTERONA; ETINILESTRADIOL', '2 MG + 0,035 MG DRG CT BL CALEND AL PLAS INC X 21');
INSERT INTO pep_owner.tb_medicamento(id_medicamento, principio_ativo, apresentacao) VALUES (105, 'ACETATO DE CIPROTERONA; ETINILESTRADIOL', '2 MG + 0,035 MG DRG CT BL CALEND AL PLAS INC X 63');
INSERT INTO pep_owner.tb_medicamento(id_medicamento, principio_ativo, apresentacao) VALUES (106, 'ACETATO DE CIPROTERONA; ETINILESTRADIOL', '2,0 MG + 0,035 MG COM REV CT BL AL PLAS INC X 21');
INSERT INTO pep_owner.tb_medicamento(id_medicamento, principio_ativo, apresentacao) VALUES (107, 'ACETATO DE CIPROTERONA; ETINILESTRADIOL', '2,0 MG + 0,035 MG COM REV CT BL AL PLAS INC X 63');
INSERT INTO pep_owner.tb_medicamento(id_medicamento, principio_ativo, apresentacao) VALUES (108, 'ACETATO DE CIPROTERONA; ETINILESTRADIOL', '2,0 MG + 0,035 MG COM REV CT BL AL PLAS TRANS X 21');
INSERT INTO pep_owner.tb_medicamento(id_medicamento, principio_ativo, apresentacao) VALUES (109, 'ACETATO DE CIPROTERONA; ETINILESTRADIOL', '2,0 MG + 0,035 MG COM REV CT BL AL PLAS TRANS X 63');
INSERT INTO pep_owner.tb_medicamento(id_medicamento, principio_ativo, apresentacao) VALUES (110, 'ACETATO DE CIPROTERONA; ETINILESTRADIOL', '2,00 MG + 0,035 MG COM REV CT BL AL PLAS INC X 21 01');
INSERT INTO pep_owner.tb_medicamento(id_medicamento, principio_ativo, apresentacao) VALUES (111, 'ACETATO DE CIPROTERONA; ETINILESTRADIOL', '2,0MG + 0,035MG COM REV CT BL AL PLAS INC X 21');
INSERT INTO pep_owner.tb_medicamento(id_medicamento, principio_ativo, apresentacao) VALUES (112, 'ACETATO DE CIPROTERONA; VALERATO DE ESTRADIOL', '2 MG COM REV + 2 MG + 1 MG COM REV CT EST CAL X 21 (11+10)');
INSERT INTO pep_owner.tb_medicamento(id_medicamento, principio_ativo, apresentacao) VALUES (113, 'ACETATO DE CIPROTERONA; VALERATO DE ESTRADIOL', '2 MG DRG / 2 MG + 1 MG DRG CT BL CALEND X 11 + 10');
INSERT INTO pep_owner.tb_medicamento(id_medicamento, principio_ativo, apresentacao) VALUES (114, 'ACETATO DE CLORMADINONA; ETINILESTRADIOL', '2 MG + 0,03 MG COM REV CT BL AL PLAS TRANS X 21');
INSERT INTO pep_owner.tb_medicamento(id_medicamento, principio_ativo, apresentacao) VALUES (115, 'ACETATO DE CLORMADINONA; ETINILESTRADIOL', '2 MG + 0,03 MG COM REV CT BL AL PLAS TRANS X 42');
INSERT INTO pep_owner.tb_medicamento(id_medicamento, principio_ativo, apresentacao) VALUES (116, 'ACETATO DE CLORMADINONA; ETINILESTRADIOL', '2 MG + 0,03 MG COM REV CT BL AL PLAS TRANS X 63');
INSERT INTO pep_owner.tb_medicamento(id_medicamento, principio_ativo, apresentacao) VALUES (117, 'ACETATO DE CLORMADINONA; ETINILESTRADIOL', '2 MG + 0,03 MG COM REV CT BL CALEND AL PLAS INC X 21');
INSERT INTO pep_owner.tb_medicamento(id_medicamento, principio_ativo, apresentacao) VALUES (118, 'ACETATO DE CLORMADINONA; ETINILESTRADIOL', '2 MG + 0,03 MG COM REV CT BL CALEND AL PLAS INC X 21');
INSERT INTO pep_owner.tb_medicamento(id_medicamento, principio_ativo, apresentacao) VALUES (119, 'ACETATO DE CLOSTEBOL; SULFATO DE NEOMICINA', '5 MG/G + 5 MG/G CREM DERM CT BG AL X 30 G');
INSERT INTO pep_owner.tb_medicamento(id_medicamento, principio_ativo, apresentacao) VALUES (120, 'ACETATO DE CLOSTEBOL; SULFATO DE NEOMICINA', '5 MG/G + 5 MG/G CREM DERM CT BG AL X 30 G');
INSERT INTO pep_owner.tb_medicamento(id_medicamento, principio_ativo, apresentacao) VALUES (121, 'ACETATO DE CLOSTEBOL; SULFATO DE NEOMICINA', '5 MG/G + 5 MG/G CREM VAG CT BG AL X 40 G + 8 APLIC');
INSERT INTO pep_owner.tb_medicamento(id_medicamento, principio_ativo, apresentacao) VALUES (122, 'ACETATO DE CLOSTEBOL; SULFATO DE NEOMICINA', '5 MG/G + 5 MG/G CREM VAG CT BG AL X 45 G + 8 APLIC');
INSERT INTO pep_owner.tb_medicamento(id_medicamento, principio_ativo, apresentacao) VALUES (123, 'ACETATO DE CLOSTEBOL; SULFATO DE NEOMICINA', '5 MG/G + 5 MG/G CREME CT BG PLAS OPC X 30 G');
INSERT INTO pep_owner.tb_medicamento(id_medicamento, principio_ativo, apresentacao) VALUES (124, 'ACETATO DE CLOSTEBOL; SULFATO DE NEOMICINA', '5 MG/G + 5 MG/G CREME VAG CT BG PLAS OPC X 40 G + APLICADOR');
INSERT INTO pep_owner.tb_medicamento(id_medicamento, principio_ativo, apresentacao) VALUES (125, 'ACETATO DE DEGARELIX', '120 MG PO LIOF INJ CT 2 FA VD INC + 2 DIL 6 ML + 2 SER + 2 AGU + 4 ADAP');
INSERT INTO pep_owner.tb_medicamento(id_medicamento, principio_ativo, apresentacao) VALUES (126, 'ACETATO DE DEGARELIX', '80 MG PO LIOF INJ CT 1 FA VD INC + 1 DIL 6 ML + 1 SER + 1 AGU + 2 ADAP');
INSERT INTO pep_owner.tb_medicamento(id_medicamento, principio_ativo, apresentacao) VALUES (127, 'ACETATO DE DESMOPRESSINA', '0,1 MG COM CT FR PLAS OPC X 14');
INSERT INTO pep_owner.tb_medicamento(id_medicamento, principio_ativo, apresentacao) VALUES (128, 'ACETATO DE DESMOPRESSINA', '0,1 MG COM CT FR PLAS OPC X 30');
INSERT INTO pep_owner.tb_medicamento(id_medicamento, principio_ativo, apresentacao) VALUES (129, 'ACETATO DE DESMOPRESSINA', '0,1 MG COM CT FR PLAS OPC X 30');
INSERT INTO pep_owner.tb_medicamento(id_medicamento, principio_ativo, apresentacao) VALUES (130, 'ACETATO DE DESMOPRESSINA', '0,1 MG/ML SOL NAS CT FR PLAS OPC SPR X 2,5 ML');
INSERT INTO pep_owner.tb_medicamento(id_medicamento, principio_ativo, apresentacao) VALUES (131, 'ACETATO DE DESMOPRESSINA', '0,1 MG/ML SOL NAS CT FR PLAS OPC SPR X 5 ML');
INSERT INTO pep_owner.tb_medicamento(id_medicamento, principio_ativo, apresentacao) VALUES (132, 'ACETATO DE DESMOPRESSINA', '0,1 MG/ML SOL NAS CT FR SPR VD AMB X 2,5 ML');
INSERT INTO pep_owner.tb_medicamento(id_medicamento, principio_ativo, apresentacao) VALUES (133, 'ACETATO DE DESMOPRESSINA', '0,1 MG/ML SOL NAS CT FR VD AMB NEB X 2,5 ML');
INSERT INTO pep_owner.tb_medicamento(id_medicamento, principio_ativo, apresentacao) VALUES (134, 'ACETATO DE DESMOPRESSINA', '0,1 MG/ML SOL NAS CT FR VD AMB NEB X 5 ML');
INSERT INTO pep_owner.tb_medicamento(id_medicamento, principio_ativo, apresentacao) VALUES (135, 'ACETATO DE DESMOPRESSINA', '0,1 MG/ML SOL NAS CT FR VD AMB SPR 2,5ML');
INSERT INTO pep_owner.tb_medicamento(id_medicamento, principio_ativo, apresentacao) VALUES (136, 'ACETATO DE DESMOPRESSINA', '0,1 MG/ML SOL NAS CT FR VD AMB SPR 5,0 ML');
INSERT INTO pep_owner.tb_medicamento(id_medicamento, principio_ativo, apresentacao) VALUES (137, 'ACETATO DE DESMOPRESSINA', '0,1 MG/ML SOL NAS CT FR VD AMB X 5ML + CAN');
INSERT INTO pep_owner.tb_medicamento(id_medicamento, principio_ativo, apresentacao) VALUES (138, 'ACETATO DE DESMOPRESSINA', '0,1MG/ML SOL NAS CT FR VD AMB 2,5ML + 2 TUB');
INSERT INTO pep_owner.tb_medicamento(id_medicamento, principio_ativo, apresentacao) VALUES (139, 'ACETATO DE DESMOPRESSINA', '0,2 MG COM CT FR PLAS OPC X 14');
INSERT INTO pep_owner.tb_medicamento(id_medicamento, principio_ativo, apresentacao) VALUES (140, 'ACETATO DE DESMOPRESSINA', '0,2 MG COM CT FR PLAS OPC X 30');
INSERT INTO pep_owner.tb_medicamento(id_medicamento, principio_ativo, apresentacao) VALUES (141, 'ACETATO DE DESMOPRESSINA', '15 MCG /ML SOL INJ CT 1 AMP VD INC X 1ML');
INSERT INTO pep_owner.tb_medicamento(id_medicamento, principio_ativo, apresentacao) VALUES (142, 'ACETATO DE DESMOPRESSINA', '15 MCG /ML SOL INJ CT 1 AMP VD INC X 2ML');
INSERT INTO pep_owner.tb_medicamento(id_medicamento, principio_ativo, apresentacao) VALUES (143, 'ACETATO DE DESMOPRESSINA', '15 MCG /ML SOL INJ CT 10 AMP VD INC X 1ML');
INSERT INTO pep_owner.tb_medicamento(id_medicamento, principio_ativo, apresentacao) VALUES (144, 'ACETATO DE DESMOPRESSINA', '15 MCG /ML SOL INJ CT 10 AMP VD INC X 1ML (EMB FRAC)');
INSERT INTO pep_owner.tb_medicamento(id_medicamento, principio_ativo, apresentacao) VALUES (145, 'ACETATO DE DESMOPRESSINA', '15 MCG /ML SOL INJ CT 10 AMP VD INC X 2ML (EMB FRAC)');
INSERT INTO pep_owner.tb_medicamento(id_medicamento, principio_ativo, apresentacao) VALUES (146, 'ACETATO DE DESMOPRESSINA', '15 MCG /ML SOL INJ CT 10 AMP VD INC X 2ML');
INSERT INTO pep_owner.tb_medicamento(id_medicamento, principio_ativo, apresentacao) VALUES (147, 'ACETATO DE DESMOPRESSINA', '4 MCG/ML SOL INJ CT 10 AMP VD INC X 1 ML');
INSERT INTO pep_owner.tb_medicamento(id_medicamento, principio_ativo, apresentacao) VALUES (148, 'ACETATO DE DEXAMETASONA', '1 MG / G CREM DERM CT BG AL X 10 G');
INSERT INTO pep_owner.tb_medicamento(id_medicamento, principio_ativo, apresentacao) VALUES (149, 'ACETATO DE DEXAMETASONA', '1 MG CREM DERM CT BG AL X 10 G');
INSERT INTO pep_owner.tb_medicamento(id_medicamento, principio_ativo, apresentacao) VALUES (150, 'ACETATO DE DEXAMETASONA', '1 MG/ G CREM DERM CT BG AL X 10 G');
INSERT INTO pep_owner.tb_medicamento(id_medicamento, principio_ativo, apresentacao) VALUES (151, 'ACETATO DE DEXAMETASONA', '1 MG/ G CREM DERM CX 50 BG AL X 10 G (EMB HOSP)');
INSERT INTO pep_owner.tb_medicamento(id_medicamento, principio_ativo, apresentacao) VALUES (152, 'ACETATO DE DEXAMETASONA', '1 MG/G CREM CT BG AL X 10 G');
INSERT INTO pep_owner.tb_medicamento(id_medicamento, principio_ativo, apresentacao) VALUES (153, 'ACETATO DE DEXAMETASONA', '1 MG/G CREM DERM CT BG AL X 10 G');
INSERT INTO pep_owner.tb_medicamento(id_medicamento, principio_ativo, apresentacao) VALUES (154, 'ACETATO DE DEXAMETASONA', '1 MG/G CREM DERM CT BG AL X 10 G');
INSERT INTO pep_owner.tb_medicamento(id_medicamento, principio_ativo, apresentacao) VALUES (155, 'ACETATO DE DEXAMETASONA', '1 MG/G CREM DERM CT BG AL X 10 G ');
INSERT INTO pep_owner.tb_medicamento(id_medicamento, principio_ativo, apresentacao) VALUES (156, 'ACETATO DE DEXAMETASONA', '1 MG/G CREM DERM CT BG AL X 10 G');
INSERT INTO pep_owner.tb_medicamento(id_medicamento, principio_ativo, apresentacao) VALUES (157, 'ACETATO DE DEXAMETASONA', '1 MG/G CREM DERM CX 100 BG AL X 10 G (EMB HOSP)');
INSERT INTO pep_owner.tb_medicamento(id_medicamento, principio_ativo, apresentacao) VALUES (158, 'ACETATO DE DEXAMETASONA', '1 MG/G CREM DERM CX 100 BG AL X 10 G (EMB HOSP)');
INSERT INTO pep_owner.tb_medicamento(id_medicamento, principio_ativo, apresentacao) VALUES (159, 'ACETATO DE DEXAMETASONA', '1 MG/G CREM DERM CX 50 BG AL X 10 G (EMB HOSP)');
INSERT INTO pep_owner.tb_medicamento(id_medicamento, principio_ativo, apresentacao) VALUES (160, 'ACETATO DE DEXAMETASONA', '1,0 MG/G CREM DERM CT BG AL X 10 G');
INSERT INTO pep_owner.tb_medicamento(id_medicamento, principio_ativo, apresentacao) VALUES (161, 'ACETATO DE DEXAMETASONA', '1,0 MG/G CREM DERM CT BG AL X 10 G ');
INSERT INTO pep_owner.tb_medicamento(id_medicamento, principio_ativo, apresentacao) VALUES (162, 'ACETATO DE DEXAMETASONA', '1,0 MG/G CREM DERM CX 50 BG AL X 10 G   (EMB HOSP)');
INSERT INTO pep_owner.tb_medicamento(id_medicamento, principio_ativo, apresentacao) VALUES (163, 'ACETATO DE DEXAMETASONA', '1MG/G CREM DERM CT BG AL X 10 G');
INSERT INTO pep_owner.tb_medicamento(id_medicamento, principio_ativo, apresentacao) VALUES (164, 'ACETATO DE DEXAMETASONA', '8MG/ML SUS INJ CT FA INC X 2 ML');
INSERT INTO pep_owner.tb_medicamento(id_medicamento, principio_ativo, apresentacao) VALUES (165, 'ACETATO DE DEXAMETASONA; CIANOCOBALAMINA; CLORIDRATO DE PIRIDOXINA; CLORIDRATO DE TIAMINA', '2500MCG/ML+50MG/ML+50MG/ML SOL INJ CT 1 AMP VD INC X 2 ML + 4MG/ML SOL INJ CT 1 AMP VD INC X 1ML');
INSERT INTO pep_owner.tb_medicamento(id_medicamento, principio_ativo, apresentacao) VALUES (166, 'ACETATO DE DEXAMETASONA; CIANOCOBALAMINA; CLORIDRATO DE PIRIDOXINA; CLORIDRATO DE TIAMINA', '2500MCG/ML+50MG/ML+50MG/ML SOL INJ CT 2 AMP VD INC X 2 ML');
INSERT INTO pep_owner.tb_medicamento(id_medicamento, principio_ativo, apresentacao) VALUES (167, 'ACETATO DE DEXAMETASONA; CIANOCOBALAMINA; CLORIDRATO DE PIRIDOXINA; CLORIDRATO DE TIAMINA', '4 MG/ML SUS INJ CT 3 AMP VD INC X1 ML + 5 MG/2 ML + 100 MG/ 2 ML + 100 MG/ 2 ML SOL INJ CT 3 AMP VD INC X 2 ML');
INSERT INTO pep_owner.tb_medicamento(id_medicamento, principio_ativo, apresentacao) VALUES (168, 'ACETATO DE DEXAMETASONA; CIANOCOBALAMINA; CLORIDRATO DE PIRIDOXINA; CLORIDRATO DE TIAMINA', '4 MG/ML SUSP INJ CT 60 AMP VD INC X 1 ML + 5 MG/2 ML + 100 MG/2 ML + 100 MG/2 ML SOL INJ CT 60 AMP VD INC X 2 ML (EMB HOSP)');
INSERT INTO pep_owner.tb_medicamento(id_medicamento, principio_ativo, apresentacao) VALUES (169, 'ACETATO DE DEXAMETASONA; CIANOCOBALAMINA; CLORIDRATO DE PIRIDOXINA; CLORIDRATO DE TIAMINA', 'SOL INJ CT 3 AMP X 2 ML + 3 AMP X 1 ML');
INSERT INTO pep_owner.tb_medicamento(id_medicamento, principio_ativo, apresentacao) VALUES (170, 'ACETATO DE DEXAMETASONA; CIANOCOBALAMINA; CLORIDRATO DE PIRIDOXINA; NITRATO DE TIAMINA', 'COM REV EST 2 BL AL PLAS AMB X 10');
INSERT INTO pep_owner.tb_medicamento(id_medicamento, principio_ativo, apresentacao) VALUES (171, 'ACETATO DE DEXAMETASONA; CIANOCOBALAMINA; CLORIDRATO DE PIRIDOXINA; NITRATO DE TIAMINA', 'SOL INJ EST 3 AMP VD INC X 2 ML + 3 AMP VD INC X 1 ML');
INSERT INTO pep_owner.tb_medicamento(id_medicamento, principio_ativo, apresentacao) VALUES (172, 'ACETATO DE DEXAMETASONA; CLOTRIMAZOL', '10 MG/G + 0,4 MG/G CREM DERM CT BG AL X 40 G');
INSERT INTO pep_owner.tb_medicamento(id_medicamento, principio_ativo, apresentacao) VALUES (173, 'ACETATO DE DEXAMETASONA; CLOTRIMAZOL', '10 MG/G + 0,4 MG/G CREM DERM CT BG AL X 40G');
INSERT INTO pep_owner.tb_medicamento(id_medicamento, principio_ativo, apresentacao) VALUES (174, 'ACETATO DE DEXAMETASONA; CLOTRIMAZOL', '10 MG/G + 0,443 MG/G CREM DERM CT BG AL X 40 G');
INSERT INTO pep_owner.tb_medicamento(id_medicamento, principio_ativo, apresentacao) VALUES (175, 'ACETATO DE DEXAMETASONA; CLOTRIMAZOL', '10MG/G + 0,4MG/G CREM DERM CT BG AL X 40G');
INSERT INTO pep_owner.tb_medicamento(id_medicamento, principio_ativo, apresentacao) VALUES (176, 'ACETATO DE DEXAMETASONA; FOSFATO DISSÓDICO DE DEXAMETASONA', '8 MG/ML + 2 MG/ML SUS INJ CT FA VD INC X 1 ML + SER DOS ');
INSERT INTO pep_owner.tb_medicamento(id_medicamento, principio_ativo, apresentacao) VALUES (177, 'ACETATO DE DEXAMETASONA; FOSFATO DISSÓDICO DE DEXAMETASONA', '8 MG/ML + 2 MG/ML SUS INJ CT FA VD INC X 2 ML + SER DOS');
INSERT INTO pep_owner.tb_medicamento(id_medicamento, principio_ativo, apresentacao) VALUES (178, 'ACETATO DE DEXTROALFATOCOFEROL', '400 MG CAP GEL MOLE CT BL AL PLAS INC X 10');
INSERT INTO pep_owner.tb_medicamento(id_medicamento, principio_ativo, apresentacao) VALUES (179, 'ACETATO DE DEXTROALFATOCOFEROL', '400 MG CAP GEL MOLE CT BL AL PLAS INC X 20');
INSERT INTO pep_owner.tb_medicamento(id_medicamento, principio_ativo, apresentacao) VALUES (180, 'ACETATO DE DEXTROALFATOCOFEROL', '400 MG CAP GEL MOLE CT BL AL PLAS INC X 30');
INSERT INTO pep_owner.tb_medicamento(id_medicamento, principio_ativo, apresentacao) VALUES (181, 'ACETATO DE DEXTROALFATOCOFEROL', '400 MG CAP GEL MOLE CT FR PLAS OPC X 10');
INSERT INTO pep_owner.tb_medicamento(id_medicamento, principio_ativo, apresentacao) VALUES (182, 'ACETATO DE DEXTROALFATOCOFEROL', '400 MG CAP GEL MOLE CT FR PLAS OPC X 30');
INSERT INTO pep_owner.tb_medicamento(id_medicamento, principio_ativo, apresentacao) VALUES (183, 'ACETATO DE DEXTROALFATOCOFEROL', '400 UI CX C/ 30 CAPS');
INSERT INTO pep_owner.tb_medicamento(id_medicamento, principio_ativo, apresentacao) VALUES (184, 'ACETATO DE DEXTROALFATOCOFEROL', 'CX 30 CAPS');
INSERT INTO pep_owner.tb_medicamento(id_medicamento, principio_ativo, apresentacao) VALUES (185, 'ACETATO DE DEXTROALFATOCOFEROL', 'FR C/25 CÁPS.-1000 UI');
INSERT INTO pep_owner.tb_medicamento(id_medicamento, principio_ativo, apresentacao) VALUES (186, 'ACETATO DE DEXTROALFATOCOFEROL', 'FR C/50 CÁPS.-400 UI');
INSERT INTO pep_owner.tb_medicamento(id_medicamento, principio_ativo, apresentacao) VALUES (187, 'ACETATO DE DEXTROALFATOCOFEROL; ACETATO DE RETINOL; ADENOSINA; ASPARTATO DE MAGNÉSIO; ASPARTATO DE POTÁSSIO; BIOTINA; CIANOCOBALAMINA; CLORIDRATO DE PIRIDOXINA; DEXTROALFATOCOFEROL; FOSFATO DE CÁLCIO', 'CAPS CX COM 3 BL X 10');
INSERT INTO pep_owner.tb_medicamento(id_medicamento, principio_ativo, apresentacao) VALUES (188, 'ACETATO DE DEXTROALFATOCOFEROL; ACETATO DE RETINOL; ADENOSINA; ASPARTATO DE MAGNÉSIO; ASPARTATO DE POTÁSSIO; BIOTINA; CIANOCOBALAMINA; CLORIDRATO DE PIRIDOXINA; DEXTROALFATOCOFEROL; FOSFATO DE CÁLCIO', 'CAPS CX COM 5 BL X 10');
INSERT INTO pep_owner.tb_medicamento(id_medicamento, principio_ativo, apresentacao) VALUES (189, 'ACETATO DE DEXTROALFATOCOFEROL; ACETATO DE RETINOL; CLORIDRATO DE PIRIDOXINA; PALMITATO DE RETINOL', 'CAP GEL MOLE EST CART TB PLAS X 30 PLUS');
INSERT INTO pep_owner.tb_medicamento(id_medicamento, principio_ativo, apresentacao) VALUES (190, 'ACETATO DE DEXTROALFATOCOFEROL; ACETATO DE RETINOL; CLORIDRATO DE PIRIDOXINA; PALMITATO DE RETINOL', 'DRG EST CART BL AL PLAS INC X 30');
INSERT INTO pep_owner.tb_medicamento(id_medicamento, principio_ativo, apresentacao) VALUES (191, 'ACETATO DE DEXTROALFATOCOFEROL; ACETATO DE RETINOL; RIBOFLAVINA; TIAMINA; TRIPTOFANA; ÁCIDO ASCÓRBICO', 'DRG FR VD X 20');
INSERT INTO pep_owner.tb_medicamento(id_medicamento, principio_ativo, apresentacao) VALUES (192, 'ACETATO DE DEXTROALFATOCOFEROL; ACETATO DE RETINOL; SULFATO DE MAGNÉSIO; SULFATO DE ZINCO; ÁCIDO ASCÓRBICO', 'COM REV CT FR PLAS OPC X 30');
INSERT INTO pep_owner.tb_medicamento(id_medicamento, principio_ativo, apresentacao) VALUES (193, 'ACETATO DE DEXTROALFATOCOFEROL; ACETATO DE RETINOL; SULFATO DE MAGNÉSIO; SULFATO DE ZINCO; ÁCIDO ASCÓRBICO', 'COMP REV CT FR PLAS OPC X 30');
INSERT INTO pep_owner.tb_medicamento(id_medicamento, principio_ativo, apresentacao) VALUES (194, 'ACETATO DE DEXTROALFATOCOFEROL; ASPARTATO DE MAGNÉSIO; ASPARTATO DE POTÁSSIO; CLORIDRATO DE TIAMINA; PIRIDOXINA; RIBOFLAVINA', 'DRG CT FR VD AMB X 20');
INSERT INTO pep_owner.tb_medicamento(id_medicamento, principio_ativo, apresentacao) VALUES (195, 'ACETATO DE DEXTROALFATOCOFEROL; ASPARTATO DE MAGNÉSIO; ASPARTATO DE POTÁSSIO; CLORIDRATO DE TIAMINA; PIRIDOXINA; RIBOFLAVINA', 'DRG CT FR VD AMB X 60 DRG');
INSERT INTO pep_owner.tb_medicamento(id_medicamento, principio_ativo, apresentacao) VALUES (196, 'ACETATO DE DEXTROALFATOCOFEROL; BETACAROTENO; ÁCIDO ASCÓRBICO; ÓXIDO DE ZINCO', 'COMP REV CX COM 30');
INSERT INTO pep_owner.tb_medicamento(id_medicamento, principio_ativo, apresentacao) VALUES (197, 'ACETATO DE DEXTROALFATOCOFEROL; BETACAROTENO; ÁCIDO ASCÓRBICO; ÓXIDO DE ZINCO', 'COMP REV FR PLAS C/30');
INSERT INTO pep_owner.tb_medicamento(id_medicamento, principio_ativo, apresentacao) VALUES (198, 'ACETATO DE DEXTROALFATOCOFEROL; BIOTINA; CIANOCOBALAMINA; CLORIDRATO DE PIRIDOXINA; CLORIDRATO DE TIAMINA; COLECALCIFEROL; DEXPANTENOL; FITOMENADIONA; NICOTINAMIDA; PALMITATO DE RETINOL; RIBOFLAVINA;', 'SOL INJ IV A CX 25 FA VD AMB X 5 ML + SOL INJ IV B CX 25 FA VD AMB X 5 ML - ADULTO');
INSERT INTO pep_owner.tb_medicamento(id_medicamento, principio_ativo, apresentacao) VALUES (199, 'ACETATO DE DEXTROALFATOCOFEROL; BIOTINA; CIANOCOBALAMINA; CLORIDRATO DE PIRIDOXINA; CLORIDRATO DE TIAMINA; COLECALCIFEROL; DEXPANTENOL; FITOMENADIONA; NICOTINAMIDA; PALMITATO DE RETINOL; RIBOFLAVINA;', 'SOL INJ IV A CX 25 FA VD AMB X 5 ML + SOL INJ IV B CX 25 FA VD AMB X 5 ML - PEDIÁTRICO');
INSERT INTO pep_owner.tb_medicamento(id_medicamento, principio_ativo, apresentacao) VALUES (200, 'ACETATO DE DEXTROALFATOCOFEROL; BIOTINA; CIANOCOBALAMINA; CLORIDRATO DE PIRIDOXINA; COLECALCIFEROL; FLUORETO DE SÓDIO; IODETO DE POTÁSSIO; NICOTINAMIDA; PANTOTENATO DE CÁLCIO; RETINOL; RIBOFLAVINA; SU', 'CAP GEL MOLE CT BL AL PLAS INC X 30');